"id","site","job_url","job_url_direct","title","company","location","date_posted","job_type","salary_source","interval","min_amount","max_amount","currency","is_remote","job_level","job_function","listing_type","emails","description","company_industry","company_url","company_logo","company_url_direct","company_addresses","company_num_employees","company_revenue","company_description","skills","experience_range","company_rating","company_reviews_count","vacancy_count","work_from_home_type"
"li-4318206555","linkedin","https://www.linkedin.com/jobs/view/4318206555","https://careers.underarmour.com/job/Kowloon-Bay-Intern%252C-Brand-&-Category/1336627900/?feedId=346600&utm_source=LinkedInJobPostings&JobPipeline=LINKEDIN&urlHash=RGXM","Intern, Brand & Category","Under Armour","Kowloon Bay, Hong Kong SAR","2025-10-22","temporary","","","","","",False,"internship","Marketing and Sales","","candidateaccommodations@underarmour.com","**Values \\& Innovation**
 At Under Armour, we are committed to empowering those who strive for more, and the company's values \\- Act Sustainably, Celebrate the Wins, Fight on Together, Love Athletes and Stand for Equality \\- serve as both a roadmap for our teams and the qualities expected of every teammate.
   

  

 Our Values define and unite us, the beliefs that are the red thread that connects everyone at Under Armour. Our values are rallying cries, reminding us why we're here, and fueling everything we do.
   

  

 Our pursuit of better begins with innovation and with our team's mission of being the best. With us, you get the freedom to go further \\- no matter your role. That means developing, delivering, and selling the state\\-of\\-the\\-art products and digital tools that make top performers even better.
   

  

**Purpose of Role**
 The regional
 **Marketing Rookie** 
 will be responsible for supporting the marketing operations, social media channels, strategies, and launch campaigns of the marketing team. You will have the opportunity to embark on a 360° learning journey and become a part of the team behind SAPAC Marketing.
   

  

**Your Impact**
* Digital marketing
+ Manage the organization, distribution, and timely delivery of digital marketing assets across platforms, ensuring alignment with brand guidelines and campaign timelines.
+ Develop and implement engaging content strategies tailored for various social media platforms to enhance brand visibility.
+ Support the alignment of regional content calendars and manage daily operations of social media channels, including scheduling, engagement tracking, and performance reporting to ensure consistent across different markets.


* Marketing
+ Provide daily administrative assistance to the marketing team, including scheduling, documentation, and coordination of internal communications.
+ Conduct in\\-depth research on industry trends and competitor activities to support strategic planning and campaign development.
+ Gather and analyze quantitative and qualitative data from marketing campaigns to evaluate effectiveness and identify areas for improvement.
+ Assist in the planning and execution of marketing events, including on\\-site support, real\\-time content capture, and post\\-event reporting.
+ Draft detailed content briefs for brand ambassadors and athletes, ensuring alignment with brand messaging and campaign goals.
+ Contribute to the execution of marketing initiatives by supporting cross\\-functional teams and coordinating with stakeholders across different markets.


**Qualifications**
* Holding a qualification in Marketing, Communications, or a related field, with strong interpersonal, verbal, and written communication abilities.
* Solid understanding of social media platforms, user behavior, and digital trends, with hands\\-on experience in managing content and engagement.
* Ability to manage projects effectively and collaborate with PR and event agencies to deliver high\\-quality marketing initiatives.
* Highly motivated, passionate about marketing and the sports/fitness industry, with a detail\\-oriented and creative mindset.
* Capable of working both independently and in team settings, with proficiency in Microsoft Office and a strong willingness to learn and grow.


**Workplace Location**
* Location: Kowloon Bay, Hong Kong
* Work Schedule: Fully in office


**Base Compensation**
* HKD 70 per hour.
* The role requires to work a minimum of 20 hours per week.


**Benefits \\& Perks**
* Staff discounts on UA products
* Complimentary in\\-house fitness activities


**Our Commitment to Equal Opportunity**
 At Under Armour, we are committed to providing an environment of mutual respect where equal employment opportunities are available to all applicants and teammates without regard to race, color, religion or belief, sex, pregnancy (including childbirth, lactation and related medical conditions), national origin, age, physical and mental disability, marital status, sexual orientation, gender identity, gender expression, genetic information (including characteristics and testing), military and veteran status, family or paternal status and any other characteristic protected by applicable law. Under Armour seeks to recruit, develop and retain the most talented people representing a wide variety of backgrounds and perspectives. If a reasonable accommodation is needed to participate in the job application or interview process, please contact our Human Resources team via candidateaccommodations@underarmour.com.","Advertising Services, Manufacturing, and Retail","https://www.linkedin.com/company/under-armour","https://media.licdn.com/dms/image/v2/D560BAQGoOVFk2elDZQ/company-logo_100_100/B56ZYWPdUfGsAU-/0/1744129873972/under_armour_logo?e=2147483647&v=beta&t=y892UR1xBIuQ5EHuIyr6YYKn_eszTtMkZLMkgul6SzE","","","","","","","","","","",""
"li-4318203713","linkedin","https://www.linkedin.com/jobs/view/4318203713","https://careers.underarmour.com/job/Kowloon-Bay-Intern%252C-Talent-Acquisition/1336625200/?feedId=346600&utm_source=LinkedInJobPostings&JobPipeline=LINKEDIN&urlHash=XPJ2","Intern, Talent Acquisition","Under Armour","Kowloon Bay, Hong Kong SAR","2025-10-22","temporary","","","","","",False,"internship","Human Resources","","candidateaccommodations@underarmour.com","**Values \\& Innovation**
 At Under Armour, we are committed to empowering those who strive for more, and the company's values \\- Act Sustainably, Celebrate the Wins, Fight on Together, Love Athletes and Stand for Equality \\- serve as both a roadmap for our teams and the qualities expected of every teammate.
   

  

 Our Values define and unite us, the beliefs that are the red thread that connects everyone at Under Armour. Our values are rallying cries, reminding us why we're here, and fueling everything we do.
   

  

 Our pursuit of better begins with innovation and with our team's mission of being the best. With us, you get the freedom to go further \\- no matter your role. That means developing, delivering, and selling the state\\-of\\-the\\-art products and digital tools that make top performers even better.
   

  

**Purpose of Role**
 The Human Resources Rookie, who will be joining us for a 6\\-month internship, will play a role in our HR team's efforts to develop and implement recruiting strategies aimed at attracting, retaining, and engaging a diverse pool of top\\-tier talent in Asia Pacific (APAC), supporting the broader HR team on HR project and company events.
   

  

 We will prioritize candidates who can dedicate themselves to a full\\-time 6\\-month internship.
   

  

**Your Impact**
* Provide operational support to our corporate Talent Acquisition Partners throughout the entire recruitment process, which includes responsibilities such as posting job openings, screening candidate profiles and conduct reference checks, initiating pre\\-employment processes, and preparing recruitment reports, among other tasks.
* Serve as a passionate and knowledgeable UA Brand Ambassador when interacting with external candidates during both virtual and in\\-person interviews.
* Support candidate management tasks, which encompass activities such as screening, managing candidate inquiries, and handling resumes and communications as directed within the Applicant Tracking System (ATS).
* Assist and support with Talent Acquisition initiatives like the Rookie Program, Campus Fair, Employee Referral Program, Employee Branding initiatives, and various other projects such as Amour Day, company events etc.
* Assist and support the broader HR team for ad\\-hoc projects.


**Qualifications**
* Strong interest in talent acquisition is an advantage.
* Proficient in Microsoft Office suite and Canva or any designing tools
* Strong multi\\-tasking and time management skills
* Takes initiative and able to work independently with excellent follow\\-up skills.
* Strong team player mindset with great communication \\& collaboration skills


**Workplace Location**
* Location: Kowloon Bay, Hong Kong
* Work Schedule: Fully in office


**Base Compensation**
* HKD 70 per hour.
* The role requires to work a minimum of 20 hours per week.


**Benefits \\& Perks**
* Staff discounts on UA products
* Complimentary in\\-house fitness activities


**Our Commitment to Equal Opportunity**
 At Under Armour, we are committed to providing an environment of mutual respect where equal employment opportunities are available to all applicants and teammates without regard to race, color, religion or belief, sex, pregnancy (including childbirth, lactation and related medical conditions), national origin, age, physical and mental disability, marital status, sexual orientation, gender identity, gender expression, genetic information (including characteristics and testing), military and veteran status, family or paternal status and any other characteristic protected by applicable law. Under Armour seeks to recruit, develop and retain the most talented people representing a wide variety of backgrounds and perspectives. If a reasonable accommodation is needed to participate in the job application or interview process, please contact our Human Resources team via candidateaccommodations@underarmour.com.","Advertising Services, Manufacturing, and Retail","https://www.linkedin.com/company/under-armour","https://media.licdn.com/dms/image/v2/D560BAQGoOVFk2elDZQ/company-logo_100_100/B56ZYWPdUfGsAU-/0/1744129873972/under_armour_logo?e=2147483647&v=beta&t=y892UR1xBIuQ5EHuIyr6YYKn_eszTtMkZLMkgul6SzE","","","","","","","","","","",""
"li-4315486861","linkedin","https://www.linkedin.com/jobs/view/4315486861","","Product Operations Intern (Summer FY26 Start)","Antalpha","Hong Kong, Hong Kong SAR","2025-10-22","internship","","","","","",False,"not applicable","General Business and Other","","","Antalpha (NASDAQ: ANTA) is a leading fintech company specializing in providing financing, technology and risk management solutions to institutions in the digital asset industry. Antalpha offers Bitcoin supply chain and margin loans through the Antalpha Prime technology platform, which allows customers to originate and manage their digital assets loans, as well as monitor collateral positions with near real\\-time data
 



  





**What You’ll Do** 




  




* **Product \\& Business Support \\-** 
 Learn how our products serve business users and help standardize related processes.
* **Track and Analyze Product Data \\-** 
 Assist in analyzing usage data and propose ideas to improve efficiency and user experience.
* **Coordinate Product Development Tasks \\-** 
 Support product lifecycle milestones—from planning and testing to go\\-live support.
* **Handle Client \\& Workflow Requests \\-** 
 Manage customer tickets, emails, and assist in preparing product\\-related documents.



  





**What We Look For** 




  




* Final\\-year student based in Hong Kong
* Studying
 **Business, Finance, Engineering** 
 , or a related field
* Organized, analytical, and proactive
* Proficient in
 **office tools (Excel, PowerPoint)** 
 for data and presentation tasks
* Interest in technology, fintech, or product operations is a plus","Financial Services","https://sg.linkedin.com/company/antalpha","https://media.licdn.com/dms/image/v2/D560BAQHWB8SIFh28oQ/company-logo_100_100/B56Zg2C80NHkAU-/0/1753253400353/antalpha_logo?e=2147483647&v=beta&t=AAjOfziECI1vwR-MpolMsod8fv0QAlxj3EPmp4210yo","","","","","","","","","","",""
"li-4318251329","linkedin","https://www.linkedin.com/jobs/view/4318251329","","Intern, Sustainability","Under Armour","Kowloon Bay, Hong Kong SAR","2025-10-22","temporary","","","","","",False,"internship","Education and Training","","candidateaccommodations@underarmour.com","**Values \\& Innovation**
 At Under Armour, we are committed to empowering those who strive for more, and the company's values \\- Act Sustainably, Celebrate the Wins, Fight on Together, Love Athletes and Stand for Equality \\- serve as both a roadmap for our teams and the qualities expected of every teammate.
   

  

 Our Values define and unite us, the beliefs that are the red thread that connects everyone at Under Armour. Our values are rallying cries, reminding us why we're here, and fueling everything we do.
   

  

 Our pursuit of better begins with innovation and with our team's mission of being the best. With us, you get the freedom to go further \\- no matter your role. That means developing, delivering, and selling the state\\-of\\-the\\-art products and digital tools that make top performers even better.
   

  

**Purpose of Role**
 The
 **Sustainability Rookie** 
 will be based at Under Armour’s APAC headquarters, collaborating closely with the Sustainability Team and suppliers to help advance UA’s sustainability objectives. This role provides hands\\-on experience in assessing supplier sustainability performance, validating data for the Supplier Assessment Program, supporting Supply Chain Worker Care initiatives, and fulfilling external industry reporting requirements.
   

  

 You will have opportunities to engage with a diverse range of stakeholders—including suppliers, internal teams, industry partners, and peer companies—to drive sustainability efforts. You will gain valuable insights into the implementation and promotion of social sustainability within the apparel and sports industry.
   

  

**Your Impact**
* Assist in the implementation of Supply Chain Worker Care Programs, including but not limited to Worker Voice, WeCare\\+, and Digital Trainings, by coordinating with suppliers and service providers to execute activities and monitor progress against KPIs.
* Perform data analysis using information collected from Worker Voice and digital training dashboards and portals to generate insights and support reporting.
* Maintain and update program guidebooks to ensure alignment with current practices and standards.
* Conduct research on industry best practices and market trends related to employee wellbeing and gender empowerment, and contribute to the development of guidance documents.
* Support the tracking of vendor sustainability performance and assist in preparing presentation materials for semi\\-annual business review meetings.
* Help manage and troubleshoot auditing and remediation platforms, ensuring smooth operation and timely issue resolution.


**Qualifications**
* Currently as a Year 2 or above undergraduate student, pursuing a degree in Sustainability, Corporate Social Responsibility, Governance, or Environmental Management.
* Strong data analysis capabilities, with experience using Excel, Tableau, or other data management and visualization tools considered an advantage.
* Prior internship experience in sustainability\\-related roles; experience in the garment or manufacturing sector is a plus but not required.
* Demonstrate creative thinking, an open\\-minded attitude, and strong communication and interpersonal skills.
* Proficient in Cantonese, English, and Mandarin, with the ability to communicate effectively across diverse stakeholder groups.


**Workplace Location**
* Location: Kowloon Bay, Hong Kong
* Work Schedule: Fully in office


**Base Compensation**
* HKD 70 per hour.
* The role requires to work a minimum of 20 hours per week.


**Benefits \\& Perks**
* Staff discounts on UA products
* Complimentary in\\-house fitness activities


**Our Commitment to Equal Opportunity**
 At Under Armour, we are committed to providing an environment of mutual respect where equal employment opportunities are available to all applicants and teammates without regard to race, color, religion or belief, sex, pregnancy (including childbirth, lactation and related medical conditions), national origin, age, physical and mental disability, marital status, sexual orientation, gender identity, gender expression, genetic information (including characteristics and testing), military and veteran status, family or paternal status and any other characteristic protected by applicable law. Under Armour seeks to recruit, develop and retain the most talented people representing a wide variety of backgrounds and perspectives. If a reasonable accommodation is needed to participate in the job application or interview process, please contact our Human Resources team via candidateaccommodations@underarmour.com.","Advertising Services, Manufacturing, and Retail","https://www.linkedin.com/company/under-armour","https://media.licdn.com/dms/image/v2/D560BAQGoOVFk2elDZQ/company-logo_100_100/B56ZYWPdUfGsAU-/0/1744129873972/under_armour_logo?e=2147483647&v=beta&t=y892UR1xBIuQ5EHuIyr6YYKn_eszTtMkZLMkgul6SzE","","","","","","","","","","",""
"li-4297996925","linkedin","https://www.linkedin.com/jobs/view/4297996925","","Social Media Operations Associate (Open to graduates for an Intern role)","OKX","Hong Kong, Hong Kong SAR","2025-10-22","internship","","","","","",False,"associate","Business Development, Marketing, and Product Management","","","**Who We Are**
 At OKX, we believe that the future will be reshaped by crypto, and ultimately contribute to every individual's freedom.
   

  

 OKX is a leading crypto exchange, and the developer of OKX Wallet, giving millions access to crypto trading and decentralized crypto applications (dApps). OKX is also a trusted brand by hundreds of large institutions seeking access to crypto markets. We are safe and reliable, backed by our Proof of Reserves.
   

  

 Across our multiple offices globally, we are united by our core principles:
 *We Before Me* 
 ,
 *Do the Right Thing* 
 , and
 *Get Things Done* 
 . These shared values drive our culture, shape our processes, and foster a friendly, rewarding, and diverse environment for every OK\\-er.
   

  

 OKX is part of OKG, a group that brings the value of Blockchain to users around the world, through our leading products OKX, OKX Wallet, OKLink and more.
   

  

**What You'll Be Doing**
* Data and Process Management: Utilize social media management systems and monitor KOL social media data.
* Content Creation: Collaborate in creating promotional materials for OKX and provide copywriting suggestions.
* Event Support: Assist in the planning and execution of large\\-scale events and track event data.
* Community Operations: Engage actively on social media and within communities to address user inquiries.
* 数据与流程管理：使用社媒管理系统并监控KOL社媒数据
* 内容创作：协同创作OKX推广素材，提供文案建议
* 活动支持：辅助大型活动的策划与落地并跟踪活动数据
* 社区运营：活跃在社媒和社区，解决用户问题


**What We Look For In You**
* Proficient in Excel/Google Sheets with basic data analysis skills.
* Familiar with mainstream cryptocurrency community dynamics and a deep user of Twitter.
* Ability to independently write social media copy.
* Fluent in both English and Chinese to interact with different stakeholders
* 熟练使用Excel/Google Sheets，具备基础数据分析能力
* 熟悉主流加密货币社区动态、推特深度使用者
* 有独立撰写社媒文案能力


**Nice to Have**
* Prior experience in KOL operations internships.
* Familiarity with social media management tools.
* Active participation in crypto communities (WeChat/Discord/Telegram, etc.).
* 有 KOL运营实习经验
* 使用过社交媒体管理工具
* 活跃于Crypto社区（微信/Discord/Telegram等）


 Information collected and processed as part of the recruitment process of any job application you choose to submit is subject to OKX's Candidate Privacy Notice.","IT Services and IT Consulting","https://www.linkedin.com/company/okxofficial","https://media.licdn.com/dms/image/v2/D560BAQEUtvfyDUaTxA/company-logo_100_100/company-logo_100_100/0/1719256675098?e=2147483647&v=beta&t=MVXaK_OU_pHGreEq9ErktRbi3W0NB9sx-D7nr01e2LI","","","","","","","","","","",""
"li-4318245152","linkedin","https://www.linkedin.com/jobs/view/4318245152","https://www.shixiseng.com/intern/inn_tbldfrxydcxb?utm_source=LinkedIn_xml&utm_campaign=LinkedIn&urlHash=SEUk","Embedded Software Engineer Intern","深圳","Shenzhen, Guangdong, China","2025-10-22","internship","","","","","",False,"internship","Engineering and Information Technology","","","职位来源于实习僧。
   

  

 Responsibility (What you will do):
   

  

* Collaborate with the team on software development for the coffee machine project
* Collaborate with the team to optimize and improve existing algorithms, enhancing their performance and effectiveness.
* Support cross\\-departmental cooperation to ensure successful mass production of the project
* Contribute to the optimization and maintenance of existing projects
* Follow company policies and procedures Requirement (What you must have):
* Currently pursuing a Bachelor's or Master’s degree in Computer Science, Mathematics, Statistics, or a related field.
* Proficiency in C/C\\+\\+, Python, and etc programming with good programming habits
* Solid foundation in mathematics and statistics, with knowledge of common machine learning algorithms and models.
* Familiarity with data processing and analysis tools such as NumPy, Pandas, Scikit\\-learn, and etc.
* Basic English communication skills 职位薪资： 200\\-300/天 想要了解更多，可以访问公司官网：https://www.keurigdrpepper.com/","Consumer Services","https://www.linkedin.com/company/%E6%B7%B1%E5%9C%B3%E5%B8%82%E8%BF%88%E6%8D%B7%E5%BE%AE%E7%A7%91%E6%8A%80%E6%9C%89%E9%99%90%E5%85%AC%E5%8F%B8","https://media.licdn.com/dms/image/v2/D560BAQEHVsSqnJJa_A/company-logo_100_100/company-logo_100_100/0/1680225978071?e=2147483647&v=beta&t=2gyM1iLW5TrtoD1_2EMzjpvoq81Bh3CPkpZFM_XY8jw","","","","","","","","","","",""
"li-4318262277","linkedin","https://www.linkedin.com/jobs/view/4318262277","","Campus Quantitative Trader (Intern)","Jump Trading","Hong Kong, Hong Kong SAR","2025-10-22","internship","","","","","",False,"entry level","Finance and Sales","","","Jump Trading Group is committed to world class research. We empower exceptional talents in Mathematics, Physics, and Computer Science to seek scientific boundaries, push through them, and apply cutting edge research to global financial markets. Our culture is unique. Constant innovation requires fearlessness, creativity, intellectual honesty, and a relentless competitive streak. We believe in winning together and unlocking unique individual talent by incentivizing collaboration and mutual respect. At Jump, research outcomes drive more than superior risk adjusted returns. We design, develop, and deploy technologies that change our world, fund start\\-ups across industries, and partner with leading global research organizations and universities to solve problems.
   

  

 Our trading teams are each comprised of a dynamic group of traders, quantitative researchers, and engineers who work together to examine the global markets, seeking to understand the complexities of various traded products and exchanges. They leverage their impeccable statistical analysis and data mining skills, using the results of their research to make forecasts and develop profitable predictive trading models.
   

  

  

  

* \\*Candidates should be interested in working in Hong Kong for their full\\-time job after graduation. \\-\\-\\-\\-\\-\\-\\-\\-\\-\\-\\-\\-\\-\\-\\-\\-\\-\\-\\-\\-\\-\\-\\-\\-\\-\\-\\-\\-\\-\\-\\-


**About the Role:**
 Our quantitative trading internship is an intensive 10\\-week program designed to enhance your quantitative and programming skills and understanding of financial markets. Our goal is to give you the experience of what it’s like to be a full\\-time quant trader at Jump.
   

  

 At Jump our people contribute to trading teams in the following roles or a blend of all three: quant trader, quantitative researcher, and software developer. During our internship you will get training in all of these areas, with a focus in trading and financial markets. Topics include trading strategies, market mechanics, statistics, and our research process for signal generation.
   

  

 Applying lessons from training, you will first work with fellow interns to develop your own predictive models and automated trading strategies for live trading.
   

  

 Then you’ll have the opportunity to rotate and work with several trading teams. During each rotation you’ll work on a project with the trading team while being mentored by experienced traders, quant researchers, and developers. Other duties as assigned or needed.
   

  

**Who Should Apply?**
 Ideal candidates will have:
   

  

* Outstanding skills in probabilistic thinking and mathematical reasoning
* Competitive spirit and uncommon drive to learn and improve
* Programming experience
* Appetite for risk\\-taking
* Demonstrated interest in financial markets
* Reliable and predictable availability required","Technology, Information and Internet","https://www.linkedin.com/company/jump-trading","https://media.licdn.com/dms/image/v2/D560BAQFgF0X6zG8WKA/company-logo_100_100/B56Zjwy2RpHUAU-/0/1756386518504/jump_trading_logo?e=2147483647&v=beta&t=ww9UwYI68TCg4htoKI2AAtHj4qFGw6H3lmc_flb32G0","","","","","","","","","","",""
"li-4318238709","linkedin","https://www.linkedin.com/jobs/view/4318238709","","Intern, Accounting","Under Armour","Kowloon Bay, Hong Kong SAR","2025-10-22","temporary","","","","","",False,"internship","Accounting/Auditing and Finance","","candidateaccommodations@underarmour.com","**Values \\& Innovation**
 At Under Armour, we are committed to empowering those who strive for more, and the company's values \\- Act Sustainably, Celebrate the Wins, Fight on Together, Love Athletes and Stand for Equality \\- serve as both a roadmap for our teams and the qualities expected of every teammate.
   

  

 Our Values define and unite us, the beliefs that are the red thread that connects everyone at Under Armour. Our values are rallying cries, reminding us why we're here, and fueling everything we do.
   

  

 Our pursuit of better begins with innovation and with our team's mission of being the best. With us, you get the freedom to go further \\- no matter your role. That means developing, delivering, and selling the state\\-of\\-the\\-art products and digital tools that make top performers even better.
   

  

**Purpose of Role**
 As
 **Accounting Rookie,** 
 you’ll have the opportunity to work on APAC accounting\\-related tasks and projects that will offer you invaluable experience to drive your career growth.
   

  

**Your Impact**
* Support APAC Accounting department to handle various RTR, CFS and VFS accounting initiatives including but not limited to workflow streamline, report consolidation \\& standardization.
* Project management support various APAC accounting projects to build up best practice to streamline \\& automate workflow and upheld internal control.
* Handle weekly and monthly accounts reconciliation and investigate variance.
* Assist and support other ad\\-hoc projects.


**Qualifications**
* Currently as a Year 2 or above undergraduate student, pursuing a degree in Accounting or business related fields.
* Fluent in English, Mandarin, and Cantonese, with strong verbal and written communication skills.
* Strong attention to detail and accuracy in handling data and ability to interpret and analyze financial statements and reports.
* Willingness to learn and take initiative in a fast\\-paced environment.


**Workplace Location**
* Location: Kowloon Bay, Hong Kong
* Work Schedule: Fully in office


**Base Compensation**
* HKD 70 per hour.
* The role requires to work a minimum of 20 hours per week.


**Benefits \\& Perks**
* Staff discounts on UA products
* Complimentary in\\-house fitness activities


**Our Commitment to Equal Opportunity**
 At Under Armour, we are committed to providing an environment of mutual respect where equal employment opportunities are available to all applicants and teammates without regard to race, color, religion or belief, sex, pregnancy (including childbirth, lactation and related medical conditions), national origin, age, physical and mental disability, marital status, sexual orientation, gender identity, gender expression, genetic information (including characteristics and testing), military and veteran status, family or paternal status and any other characteristic protected by applicable law. Under Armour seeks to recruit, develop and retain the most talented people representing a wide variety of backgrounds and perspectives. If a reasonable accommodation is needed to participate in the job application or interview process, please contact our Human Resources team via candidateaccommodations@underarmour.com.","Advertising Services, Manufacturing, and Retail","https://www.linkedin.com/company/under-armour","https://media.licdn.com/dms/image/v2/D560BAQGoOVFk2elDZQ/company-logo_100_100/B56ZYWPdUfGsAU-/0/1744129873972/under_armour_logo?e=2147483647&v=beta&t=y892UR1xBIuQ5EHuIyr6YYKn_eszTtMkZLMkgul6SzE","","","","","","","","","","",""
"li-4317475017","linkedin","https://www.linkedin.com/jobs/view/4317475017","","Editorial Intern","HYPEBEAST","HONG KONG SAR, China","2025-10-22","internship","","","","","",False,"internship","Writing/Editing","","","Hypebeast is a leading global platform for contemporary culture and lifestyle, and a premier destination for editorially\\-driven news and commerce. Founded in 2005, it became a publicly listed company in 2016, and today boasts a global readership across North America, Asia Pacific, Europe and more. The Group has expanded its publishing brands to a wider scope, encompassing Hypebeast and its multiple content distribution platforms, creative agency Hypemaker, e\\-commerce and retail platform HBX, distribution and merchandising segment Hyperoom and food and beverage destination Hypebeans.
 



  





 Hypebeast is looking for an editorial intern who is passionate about digital storytelling and authentically connected to culture. With a highly motivated and independent approach to work, you will aid in several pillars of the editorial team; these pillars include writing, editing, social media and short\\-form video. This represents an experience to work behind\\-the\\-scenes of an online fashion publication with potential to be made permanent upon finishing the internship.
 



  





 A successful candidate will display a high level of creativity and the ability to problem\\-solve in a fast\\-paced online editorial environment. This experience will teach you how to create digital news and long\\-form content for both web and social, how to conduct interviews, and how to work as part of a global editorial team.
 



  





**Responsibilities:** 



* Assist with the publishing of daily content and news across web and social platforms.
* Brainstorm editorial, social, and video ideas and concepts with editors.
* Keep up to date with the cultural calendar and identify editorial opportunities in advance.
* Support on interviews and photoshoots as needed.



  





**Candidates will demonstrate some of the following skills:** 



* Writing and communication in native English.
* Familiar with social media platforms and basic in Photoshop.
* Must be based and eligible to work in Hong Kong.
* Proactive, self\\-determined, and a team player.
* Knowledge of Hypebeast content at a local and international level.
* Must speak meme.



  





 If you think you’ve got what it takes, please provide your cover letter, CV, writing samples and expected salary.
 



  





**This position is based and located in Hong Kong. Candidate must be eligible to work in Hong Kong.** 




  





 Personal data collected is for recruitment purpose only.","Media Production and Broadcast Media Production and Distribution","https://hk.linkedin.com/company/hypebeast","https://media.licdn.com/dms/image/v2/C560BAQHdF0zxM3wWKg/company-logo_100_100/company-logo_100_100/0/1630654747032/hypebeast_logo?e=2147483647&v=beta&t=RDiIh_kRg_D44uB9O9tLT-rb3fBx_Bbx3W8Rjj0nuhc","","","","","","","","","","",""
"li-4316939531","linkedin","https://www.linkedin.com/jobs/view/4316939531","","Business Intelligence Intern","OSL","Hong Kong, Hong Kong SAR","2025-10-21","internship","","","","","",False,"internship","Analyst","","","**Key Responsibilities:** 




  




* **Design and monitor business metrics** 
 across trading, payments, and growth initiatives.
* **Conduct data analysis** 
 to support strategic and operational decision\\-making.
* **Build and maintain dashboards and reports** 
 to visualize key business performance indicators.
* **Collaborate on cross\\-functional projects** 
 with Product, Marketing, and Operations teams to deliver actionable insights.
* **Deliver ad\\-hoc research and data\\-driven insights** 
 to support ongoing business needs.



  





  





**Requirements:** 




  




* Currently pursuing or recently completed a degree in Data Science, Business Analytics, Statistics, Computer Science, or a related field.
* Strong analytical \\& problem\\-solving skills
* Skills in SQL / Python / R (preferred)
* Good communication \\& collaboration ability
* Interest in fintech / trading / digital assets","Financial Services","https://hk.linkedin.com/company/osldotcom","https://media.licdn.com/dms/image/v2/D4D0BAQEegg-rjsOG5g/company-logo_100_100/B4DZTzuQvVG4AQ-/0/1739255779128/osldotcom_logo?e=2147483647&v=beta&t=8wb3SU8Q6ZCHqepU8Yn_n60Pp2D7pYNoe2LaUHWkV6A","","","","","","","","","","",""
"li-4316980279","linkedin","https://www.linkedin.com/jobs/view/4316980279","","Manulife Co-op 6-Month Internship Program – Global Information Risk Management (2026 Jan/Feb Intake)","Manulife","Hong Kong, Hong Kong SAR","2025-10-21","fulltime","","","","","",False,"internship","Other","","recruitment@manulife.com","Join us as a 6\\-month co\\-op intern, where you will execute control assurance assessments and control testing according to the company’s policies and standards. You will support ongoing compliance initiatives and contribute ideas to enhance control frameworks. This role also includes elements of risk management and regulatory compliance, providing a unique opportunity to work on global assurance projects.
   

  

**Position Responsibilities**
* Perform information risk assurance assessments and controls testing according to the company’s policies and standards, e.g. Application security, IT asset inventory, IT disaster recovery etc.
* Be a part of an engagement team and participate in internal / stakeholder meetings to understand and assess IRM processes.
* Review evidence, analyze data, and documenting workpapers of the process, test steps, results and detailed findings
* Support data analysis tasks such as reviewing control testing data, identifying trends, or assisting with updates to dashboards or reports (e.g., Power BI or Excel), depending on interest and capability.
* Socialize and collaborate with process owners, Governance \\& Control teams, and Information Risk Officers, to ensure issues identified from assurance engagements are tracked with management corrective action plans defined to address the risks


**Required Qualifications**
* Undergraduate / Graduate students with a major in risk management, business administration, information systems / computer science or related subjects
* Agile, creative and show initiative while working in a challenging and fast paced environment
* Strong written and oral communication skills
* Demonstrated analytical and problem\\-solving skills
* Result oriented with strong sense of ownership and responsibility
* Able to commit full\\-time from January \\- July 2026


**Preferred Qualifications**
* Previous internship experience in risk management, compliance, data analytics or related fields.
* Interest or basic exposure to data analytics (e.g., Excel, Power BI, Python) or automation tools (e.g., Power Automate).
* Familiarity with risk management frameworks.
* Ability to quickly adapt to new challenges and changing priorities.
* High level of accuracy and attention to detail in all tasks.
* Understanding of the financial services industry and regulatory environment.


**When You Join Our Team**
* We’ll empower you to learn and grow the career you want.
* We’ll recognize and support you in a flexible environment where well\\-being and inclusion are more than just words.
* As part of our global team, we’ll support you in shaping the future you want to see.


**About Manulife And John Hancock**
 Manulife Financial Corporation is a leading international financial services provider, helping people make their decisions easier and lives better. To learn more about us, visit https://www.manulife.com/en/about/our\\-story.html.
   

  

**Manulife is an Equal Opportunity Employer**
 At Manulife/John Hancock, we embrace our diversity. We strive to attract, develop and retain a workforce that is as diverse as the customers we serve and to foster an inclusive work environment that embraces the strength of cultures and individuals. We are committed to fair recruitment, retention, advancement and compensation, and we administer all of our practices and programs without discrimination on the basis of race, ancestry, place of origin, colour, ethnic origin, citizenship, religion or religious beliefs, creed, sex (including pregnancy and pregnancy\\-related conditions), sexual orientation, genetic characteristics, veteran status, gender identity, gender expression, age, marital status, family status, disability, or any other ground protected by applicable law.
   

  

 It is our priority to remove barriers to provide equal access to employment. A Human Resources representative will work with applicants who request a reasonable accommodation during the application process. All information shared during the accommodation request process will be stored and used in a manner that is consistent with applicable laws and Manulife/John Hancock policies. To request a reasonable accommodation in the application process, contact recruitment@manulife.com.
   

  

**Working Arrangement**
 Hybrid","Insurance","https://ca.linkedin.com/company/manulife-financial","https://media.licdn.com/dms/image/v2/D4E0BAQEmvrdnySMHEQ/company-logo_100_100/company-logo_100_100/0/1719928990381/manulife_financial_logo?e=2147483647&v=beta&t=fiIrGwq014dT0KwcQWN27Zu6JdfhOjBnGDI98zNss1U","","","","","","","","","","",""
"li-4308177357","linkedin","https://www.linkedin.com/jobs/view/4308177357","","Human Resource Summer Internship (10 weeks)","Deutsche Bank","Kowloon, Hong Kong SAR","2025-10-21","internship","","","","","",False,"entry level","Human Resources","","dws.ECrecruitment@db.com","**Position Overview**
**Employer:** 
**DWS Group
   

  

 Title:** 
**Human Resource Summer Internship (10 weeks)**
**Location:** 
**Hong Kong
   

  

 Job Code:**
**About DWS**
 At DWS, we’re capturing the opportunities of tomorrow. You can be part of a leading, client\\-committed, global Asset Manager, making an impact on individuals, communities, and the world.
   

  

 Today, markets still face a whole new set of pressures – but also a whole lot of opportunity too. Opportunity to innovate differently. Opportunity to invest responsibly. And opportunity to make change. This is needed more than ever as we currently experience high interest rates, a once\\-in\\-a\\-lifetime health crisis, a shift in global demographics – and politics – as well as advances in digitalization and economies moving towards a more sustainable future.
   

  

 While there is always uncertainty in markets, one thing remains clear: there is always a new situation that requires the right investment answers. We call it the new now.
   

  

**About The Internship**
 The DWS Internship is an opportunity to gain a wide range of practical experience. Individual projects, participation in speaker sessions and networking events will all be part of the internship. Whilst you can expect a high learning curve from our internship, you will benefit from the support of your managers and mentors along with unparalleled exposure to the world of Asset Management. This internship is an ideal way to determine whether a career in Financial Services \\& Asset Management meets your personal aspirations.
   

  

 Subject to performance, successful interns may be offered a place on the DWS Graduate P.A.C.E. program the following year.
   

  

**About The Human Resources Team**
 The Human Resources department at DWS serves as a cornerstone of our company’s commitment to fostering a dynamic and inclusive work environment. We are dedicated to attracting, developing, and retaining top talent, ensuring that every employee has the tools, resources, and opportunities to excel and grow. Our HR team is integral to shaping the strategic direction of the company, closely aligning our people strategies with business objectives, and driving initiatives that promote diversity, inclusion, and employee engagement at all levels. We are focused on creating a workplace where innovation is encouraged, and every individual can reach their full potential.
   

  

 By joining our HR team, you will gain hands\\-on experience in a wide range of HR functions. You will be involved in key projects that directly impact our business and our people, giving you a comprehensive understanding of how HR operates within a leading global asset manager. The HR internship offers a unique opportunity to contribute to a high\\-performing team while developing the skills and knowledge needed to build a successful career in Human Resources.
   

  

 As an Intern in Human Resources you will have the opportunity to gain a wide range of practical experience. Individual projects, participation in speaker sessions and networking events will all be part of the internship. Whilst you can expect a high learning curve from our internship, you will benefit from the support of your managers and mentors along with unparalleled exposure to the world of Asset Management.
   

  

**Eligibility**
* You must be enrolled and on track to graduate from a bachelor’s or master’s degree between December 2026 \\- July 2027\\.
* You must be available to work full\\-time from the 22nd June and 28th August 2026\\.
* You must hold valid right to work in Hong Kong from the 22nd June and 28th August 2026\\. You must possess less than 12 months of full\\-time, relevant work experience (excluding other internships).


**Our commitment to equal employment opportunity** 
  

  

 Our values define the working environment we strive to create – diverse, supportive and welcoming of different views. We embrace a culture reflecting a variety of perspectives, insights and backgrounds to drive innovation. We build talented and diverse teams to drive business results and encourage our people to develop to their full potential.
   

  

 We promote good working relationships and encourage high standards of conduct and work performance.  We welcome applications from talented people from all cultures, countries, races, genders, sexual orientations, disabilities, beliefs and generations and are committed to providing a working environment free from harassment, discrimination and retaliation.
   

  

 If you have any questions about this program or need us to make any adjustments to help you complete any stage of your application, let us know at dws.ECrecruitment@db.com . Someone from our Early Careers team will get in touch.
   

  

 We strive for a culture in which we are empowered to excel together every day. This includes acting responsibly, thinking commercially, taking initiative and working collaboratively.
   

  

 Together we share and celebrate the successes of our people. Together we are Deutsche Bank Group.
   

  

 We welcome applications from all people and promote a positive, fair and inclusive work environment.","Financial Services","https://de.linkedin.com/company/deutsche-bank","https://media.licdn.com/dms/image/v2/D4E0BAQHPxOQjSTf63Q/company-logo_100_100/company-logo_100_100/0/1733126326977?e=2147483647&v=beta&t=Sox1AP2RLBDINbiSLzHmDnuHDV-LTcQdBKVQ2b6mFVg","","","","","","","","","","",""
"li-4317058375","linkedin","https://www.linkedin.com/jobs/view/4317058375","","Wealth Management Manager / Trainee (graduates 2025 2026 are welcome )","AIA","Hong Kong, Hong Kong SAR","2025-10-20","fulltime","","","","","",False,"internship","","","","Company Description
 



  





 AIA Group Limited is the largest independent publicly listed pan\\-Asian life insurance group with a presence in 18 markets across Asia. Established in Shanghai in 1919, AIA is a market leader in Asia and offers life insurance, accident and health insurance, savings plans, and other financial services. With total assets of US$286 billion, AIA serves over 42 million individual policyholders and over 18 million members of group insurance schemes.
 



  





 Qualifications
 



  




* Financial Planning and Investment Management skills
* Strong analytical and problem\\-solving skills
* Excellent interpersonal and communication skills
* Bachelor's degree from a QS100 university.
* Must possess Hong Kong residency.
* Relevant industry experience is preferred.
* Strong sales aptitude and excellent communication skills.
* A proactive attitude towards client engagement and relationship building
* Relevant certifications (e.g., CFA, CFP) are a plus
* Fluency in Chinese languages( Mandarin)



  





 Key Responsibilities
 



  




* Conduct in\\-depth financial analysis and wealth management planning for clients.
* Provide tailored advice to help clients achieve their financial objectives.
* Develop and maintain strong relationships with clients to ensure their ongoing satisfaction and loyalty.
* Stay updated on market trends and investment opportunities to offer informed guidance.
* Collaborate with a team of professionals to deliver exceptional service and support.



  





 Roles and Responsibilities
 



  




* Provides Financial Strategies for Clients, Identifies Objectives and Constraints
* Formulates Wealth Management Solutions with Strong Communication, Analytical, and Presentation Skills
* Conducts Investment Research and Stays Informed of Developments in the Growing Insurance Industry
* Relationship Management and Communication Techniques
* Participates in Ongoing Training and Development Sessions



  





 （Full Time）
 


* Diversified Environment, Flexible Working Hours
* Exceptional Income Potential, One\\-of\\-a\\-kind Financing Scheme
* Comprehensive Medical Coverage, Insurance \\& Retirement Plans
* Best In\\-Class Training Delivered by Industry Leading Tools
* Benefit from Exclusive Recognition, Privilege \\& Rewards



  





 (Intern)
 


* An Guaranteed Official Internship Certificate
* Customized Training and Internship Schedule
* Get at least two business licenses throughout the Internship
* Chance for Receiving Return Offer to Unlock Full Benefits



  





 Career Development
 



  





 At AIA Hong Kong, we believe in investing in our employees’ future. As a Wealth Management Consultant, you will have access to:
 


* Comprehensive training programs to enhance your skills and knowledge.
* Opportunities for mentorship from experienced industry professionals.
* Clear career progression paths, with potential advancement to senior consultant or managerial roles based on performance.
* Access to a wide range of resources and tools to support your success.



  





 What we offer
 



  




* Competitive remuneration package with performance\\-based incentives.
* Flexible working hours and a supportive work environment.
* Opportunities to participate in industry\\-leading seminars and workshops.
* A chance to make a real difference in clients' lives by helping them secure their financial future.","Insurance","https://hk.linkedin.com/company/aia","https://media.licdn.com/dms/image/v2/C510BAQGvM9y7oD89xQ/company-logo_100_100/company-logo_100_100/0/1630582274544/aia_logo?e=2147483647&v=beta&t=WODISxcIWvq5AXZ65neHW9rwAUjTvWzy5Z3U0JQWANY","","","","","","","","","","",""
"li-4316618037","linkedin","https://www.linkedin.com/jobs/view/4316618037","","Visual Merchandising Intern (M/W)","Hermès","HONG KONG SAR, China","2025-10-20","internship","","","","","",False,"internship","Marketing and Sales","","","* Presentation of the role :
* Reporting to the Assistant Visual Merchandising Manager, the role involves supporting Visual Merchandising (VM) by creating and managing visual assets (images, videos, POS materials), implementing in\\-store planograms, coordinating with vendors, and handling administrative and budget tracking tasks. It also includes conducting competitive market research to enhance in\\-store execution.
* Missions :
* Prepare static visual and video asset requests roll out in a timely manner
* Manage colour matching management, price tag and didactic sheet
* Support to implement the planogram to execute VM activities in\\-store
* Coordinate with vendors for VM tools production
* Responsible for VM administration tasks assigned
* Support to follow up of VM budget expenses
* Conduct competitive market research


 Profile :
   

  

* 
* Undergraduate student of Bachelor Degree in Art, Design or related disciplines
* 
* Excellent command of written \\& spoken English, Mandarin or French is a plus
* 
* Experience and interest in luxury retail/fragrance/beauty industry is preferred
* 
* Proactive team player, dynamic, enthusiastic
* 
* Willing to learn, open\\-minded and positive
* 
* Strong administration and organization skills
* 
* Proficiency in Microsoft Office applications and design software
* 
* Able to work at least 3 full days per week (Monday – Friday)","Retail Luxury Goods and Jewelry","https://fr.linkedin.com/company/hermes-group","https://media.licdn.com/dms/image/v2/C4E0BAQEEwTOnwK5sGA/company-logo_100_100/company-logo_100_100/0/1630598689086/hermes_group_logo?e=2147483647&v=beta&t=erRmDzC8cF_t1J-L0ANNQsjmY0sfptnarv5NuqBpEQ8","","","","","","","","","","",""
"li-4316474155","linkedin","https://www.linkedin.com/jobs/view/4316474155","","Intern (Information Security)","Zurich Insurance","","2025-10-20","parttime","","","","","",True,"internship","Information Technology","","","**Job Accountabilities**
* Provide support to the APAC Information Security Team and Local Business Information Security Officers (BISOs) on daily activities or project assignments
* Assist in the improvement of information security governance and compliance, including exception management, security assessment, risk and control reporting
* Assist BISOs in executing security assessments such as vendor security due diligence and Security Assessment by collaborating with business functions and IT teams, which includes collecting evidence, preparing reports, and following up on remediation measures to address security control gaps
* Contribute to the enhancement of security awareness initiatives:
+ Generate innovative ideas for security awareness educational materials or campaigns tailored to local cultural contexts
+ Analyze data from phishing simulations to identify patterns, key areas of focus, and areas requiring enhancement

* Assist the APAC team in knowledge management, reporting, data analysis, data reconciliation, follow\\-up on remediation actions, translation, and other related tasks


**Job Qualifications**
* University student in Information Security or related disciplines
* Basic knowledge in:
+ Security concepts and architectures, IT security and compliance controls
+ IT technologies and processes (operating systems, databases, networking, web/application, change management, SDLC, disaster recovery, monitoring, help desk)
+ Common security tools

* Good communication and presentation skills in both written and spoken English


**Why Zurich**
 At Zurich, we like to think outside the box and challenge the status quo. We take an optimistic approach by focusing on the positives and constantly asking What can go right?
   

  

 We are an equal opportunity employer who knows that each employee is unique \\- that’s what makes our team so great!
   

  

 Join us as we constantly explore new ways to protect our customers and the planet.
   

  

* Location(s): HK \\- Hong Kong
* Remote working: No
* Schedule: Part Time","Insurance and Financial Services","https://ch.linkedin.com/company/zurich-insurance-company-ltd","https://media.licdn.com/dms/image/v2/D4E0BAQHAnKFB3xoVLw/company-logo_100_100/company-logo_100_100/0/1719817296589/zurich_insurance_company_ltd_logo?e=2147483647&v=beta&t=yIqPUFXrmKvU45KGW22WaJteBPy8hQUHTYuFyud9VFc","","","","","","","","","","",""
"li-4284193158","linkedin","https://www.linkedin.com/jobs/view/4284193158","https://ad.doubleclick.net/ddm/trackclk/N4789.466581LINKEDIN.COM/B31905581.393693346;dc_trk_aid=614415178;dc_trk_cid=216798306;dc_lat=;dc_rdid=;tag_for_child_directed_treatment=;tfua=;ltd=;dc_tdv=1;dc_transparent=1;?https://jobs.citi.com/job/-/-/287/84985412496?source=APPLICANT_SOURCE-3-354&utm_medium=job_posting&utm_campaign=apac_experienced&utm_content=social_media&utm_term=393693346&ss=paid&utm_source=linkedin&urlHash=gdMJ","Wealth - Citigold, Summer Analyst, Hong Kong, 2026","Citi","Kowloon City District, Hong Kong SAR","2025-10-19","internship","","","","","",False,"not applicable","Finance and Sales","","","**We provide you with the knowledge and skills you need to succeed**
 The Wealth (Citigold) Summer Analyst Program trains and cultivates key pipeline for our full time program. The 10\\-week Summer program normally starts with intensive training that will provide essential skills knowledge as well as a comprehensive orientation to Citi's culture. After initial training, participants will join one of Citi's key businesses or functions and be assigned a tailored project for an in\\-depth and immersive experience. To support your growth, you will also participate in mentoring programs, networking events, speaker series, and other structured development opportunities.
   

  

**Your time here will look something like this:**
 The Wealth (Citigold) Summer Analyst Program is dedicated to giving future business leaders a holistic view of Citi's business. Through mentorship, training and other development opportunities, Summer Analysts can expect to finish the program with broad understanding of the Wealth business, as well as operational intricacies of Citi.
   

  

 The specific team you are assigned to will vary based on current business requirements. Potential team assignments include, but are not limited to, the following:
   

  

* Frontline Advisory
* Investment Insurance \\& Advisory
* Digital
* Business Execution
* Wealth Continuum
* Data Analytics
* Risk Management
* Investment Solutions / Products


**What we need from you:**
* You are in your penultimate year of university pursuing a degree in any discipline (graduating between Dec 2026 \\- June 2027\\),
* You have demonstrated strong leadership, teamwork, and communication skills
* You have a strong understanding of the global banking landscape and place a priority on client service


 Extensive work experience is not a requirement, but dedication to learning and a true passion for the business are vital. As industries all over the globe continue to restructure and grow, we are hiring individuals who have a global perspective on the future of banking and want to make an impact on the corporate level.
   

  

 We'll also be looking for the following:
   

  

* Commitment to personal growth and career development, a strong desire/curiosity to learn, collaborative in team environments
* Genuine interest in Wealth/digital trends with a strong initiative to constantly learn and apply what they have acquired onto their work
* Strong communication, planning, and organizational skills
* Analytical and quantitative skills
* Desire to develop a deep understanding of the financial industry
* Knowledge of the global or domestic business landscape (preferred, but not required)
* Unquestioned commitment to integrity and ethical decision\\-making


***We encourage early applications as we recruit on a rolling basis. Each applicant can apply to maximum of 3 summer internship programs in Asia region.***
 \\-\\-\\-\\-\\-\\-\\-\\-\\-\\-\\-\\-\\-\\-\\-\\-\\-\\-\\-\\-\\-\\-\\-\\-\\-\\-\\-\\-\\-\\-\\-\\-\\-\\-\\-\\-\\-\\-\\-\\-\\-\\-\\-\\-\\-\\-\\-\\-\\-\\-\\-\\-\\-\\-
   

  

**Job Family Group:**
 Management Development Programs
   

  

 \\-\\-\\-\\-\\-\\-\\-\\-\\-\\-\\-\\-\\-\\-\\-\\-\\-\\-\\-\\-\\-\\-\\-\\-\\-\\-\\-\\-\\-\\-\\-\\-\\-\\-\\-\\-\\-\\-\\-\\-\\-\\-\\-\\-\\-\\-\\-\\-\\-\\-\\-\\-\\-\\-
   

  

**Job Family:**
 Intern
   

  

 \\-\\-\\-\\-\\-\\-\\-\\-\\-\\-\\-\\-\\-\\-\\-\\-\\-\\-\\-\\-\\-\\-\\-\\-\\-\\-\\-\\-\\-\\-\\-\\-\\-\\-\\-\\-\\-\\-\\-\\-\\-\\-\\-\\-\\-\\-\\-\\-\\-\\-\\-\\-\\-\\-
   

  

**Time Type:**
 Full time
   

  

 \\-\\-\\-\\-\\-\\-\\-\\-\\-\\-\\-\\-\\-\\-\\-\\-\\-\\-\\-\\-\\-\\-\\-\\-\\-\\-\\-\\-\\-\\-\\-\\-\\-\\-\\-\\-\\-\\-\\-\\-\\-\\-\\-\\-\\-\\-\\-\\-\\-\\-\\-\\-\\-\\-
   

  

**Most Relevant Skills**
 Please see the requirements listed above.
   

  

 \\-\\-\\-\\-\\-\\-\\-\\-\\-\\-\\-\\-\\-\\-\\-\\-\\-\\-\\-\\-\\-\\-\\-\\-\\-\\-\\-\\-\\-\\-\\-\\-\\-\\-\\-\\-\\-\\-\\-\\-\\-\\-\\-\\-\\-\\-\\-\\-\\-\\-\\-\\-\\-\\-
   

  

**Other Relevant Skills**
 For complementary skills, please see above and/or contact the recruiter.
   

  

 \\-\\-\\-\\-\\-\\-\\-\\-\\-\\-\\-\\-\\-\\-\\-\\-\\-\\-\\-\\-\\-\\-\\-\\-\\-\\-\\-\\-\\-\\-\\-\\-\\-\\-\\-\\-\\-\\-\\-\\-\\-\\-\\-\\-\\-\\-\\-\\-\\-\\-\\-\\-\\-\\-
   

  

*Citi is an equal opportunity employer, and qualified candidates will receive consideration without regard to their race, color, religion, sex, sexual orientation, gender identity, national origin, disability, status as a protected veteran, or any other characteristic protected by law.*
*If you are a person with a disability and need a reasonable accommodation to use our search tools and/or apply for a career opportunity review* 
*Accessibility at Citi.*
*View Citi’s EEO Policy Statement and the Know Your Rights poster.*","Banking, Financial Services, and Investment Banking","https://www.linkedin.com/company/citi","https://media.licdn.com/dms/image/v2/D4E0BAQFgF4xtqyXBcg/company-logo_100_100/company-logo_100_100/0/1719257286385/citi_logo?e=2147483647&v=beta&t=E0LjmXX_MaMB3pwg6W_ragjyCPSpChEG51ham_xSNVc","","","","","","","","","","",""
"li-4313327319","linkedin","https://www.linkedin.com/jobs/view/4313327319","","Financial Analyst Intern","OnTheList","Quarry Bay, Hong Kong SAR","2025-10-17","internship","","","","","",True,"internship","Finance and Sales","","","6 Month Internship, HK Based
   

  

 We are seeking a motivated and detail\\-oriented APAC Financial Analyst Intern to join our dynamic team at OnThelist. As the APAC Financial Analyst Intern, you will play a crucial role in supporting the overall financial operations of the company, gaining valuable experience in various aspects of Finance and Accounting and also APAC exposure.
   

  

 At OnTheList, we care about the environment and sustainability. We are a certified B\\-Corp and our mission is to help brands to “Turn Inventory into Opportunity”.
   

  

**What We Will Trust You With...**
* Support the month\\-end close process and account reconciliations.
* Participate in forecasting activities, helping to analyse financial data and identify trends.
* Assist in the processing of invoices, expense reports, and other financial documentation.
* Conduct research and analysis on financial data to support decision\\-making processes.
* Collaborate with cross\\-functional teams to provide financial insights and support.
* Undertake special projects and ad\\-hoc tasks as assigned by the Finance team.


**What It Takes…**
* Currently pursuing a degree in Finance, Accounting, or a related field.
* Strong analytical and problem\\-solving skills with attention to detail.
* Proficiency in financial analysis tools and software, such as Excel.
* Excellent communication and interpersonal skills.
* Ability to work independently and as part of a team.


**What Do We Offer...**
* A unique internship in an international and dynamic environment
* Diverse career start opportunities across multiple departments for high performers
* Diverse and challenging tasks to ensure professional development
* Flexible working environment with remote working arrangement
* Commitment to a diversity, equity, and inclusiveness in our workplace
* Staff purchase discount","Retail","https://hk.linkedin.com/company/onthelist","https://media.licdn.com/dms/image/v2/C560BAQFbnadt4ubG0g/company-logo_100_100/company-logo_100_100/0/1646053736840/onthelist_logo?e=2147483647&v=beta&t=US6REt6GAf4MIEFrOMNLN0xWRDC81fIyKc46y6lSf8k","","","","","","","","","","",""
"li-4315515763","linkedin","https://www.linkedin.com/jobs/view/4315515763","https://bambusdev.my.site.com/s/details?jobReq=Seasonal-Associate\\u002d\\u002dEquities\\u002d\\u002dOff-cycle-Internship-_REQ7477&urlHash=ubf0","Seasonal Associate, Equities (Off-cycle Internship)","Balyasny Asset Management L.P.","Hong Kong, Hong Kong SAR","2025-10-17","internship","","","","","",False,"internship","Finance","","","**Balyasny Asset Management (BAM)** 
 is a diversified global investment firm founded in 2001 by Dmitry Balyasny, Scott Schroeder, and Taylor O'Malley. With over $28 billion in assets under management, BAM employs more than 2,000 people across 23 offices in the U.S. and Canada, Europe, the Middle East, and Asia. The firm’s investment teams span five strategies, including Equities Long/Short, Fixed Income \\& Macro, Commodities, Multi\\-Asset Arbitrage, and Systematic. Balyasny’s mission is to deliver to its investors absolute, uncorrelated returns in all market environments.
 



  





**RESPONSIBILITIES** 




 This role will report to a Fundamental Equity L/S Portfolio Manager in Hong Kong. The off\\-cycle intern will help:
 


* Conduct deep fundamental research, primary research, and engage in other data collection efforts
* • Build and maintain detailed company financial models
* Create valuation analyses and write company and industry reports
* Develop relationships with management teams
* Take on ad\\-hoc industry related projects



  





  





**QUALIFICATIONS \\& REQUIREMENTS** 



* Strong modeling and analytical skills, programming skill is a plus
* Ability to communicate effectively; excellent reading comprehension and writing skills
* High levels of creativity and quick problem\\-solving capabilities
* Passion for financial markets
* Capability to speak, read and write Chinese would be preferred","Financial Services","https://www.linkedin.com/company/balyasny-asset-management-l.p.","https://media.licdn.com/dms/image/v2/D560BAQG62ZvfmqLjiw/company-logo_100_100/B56ZVd92ehHsAQ-/0/1741038250181/balyasny_asset_management_lp_logo?e=2147483647&v=beta&t=_kqzhccjPysqf0e6R9nCIe99Fm2Ihv8_XvwB0H8d7NI","","","","","","","","","","",""
"li-4313024407","linkedin","https://www.linkedin.com/jobs/view/4313024407","","Internship Program (F&B)","Four Seasons Hotels and Resorts","Hong Kong, Hong Kong SAR","2025-10-16","fulltime","","","","","",False,"not applicable","Sales, Public Relations, and Marketing","","","**About Four Seasons Hotels and Resorts:** 




 At Four Seasons, we believe in recognizing a familiar face, welcoming a new one and treating everyone we meet the way we would want to be treated ourselves. Whether you work with us, stay with us, live with us or discover with us, we believe our purpose is to create impressions that will stay with you for a lifetime. It comes from our belief that life is richer when we truly connect to the people and the world around us.
 



  





**About Four Seasons Hotel Hong Kong:** 




 In the very heart of the city and on the edge of Victoria Harbour, Four Seasons is surrounded by Hong Kong’s consummate business and leisure attractions. From its award\\-winning spa to innovative Michelin\\-starred chefs, Four Seasons is the superlative destination for high fliers and high society from Hong Kong and abroad. A buzzing powerhouse of business success. The best central location for Hong Kong leisure explorations. A multi\\-starred world\\-famous culinary destination. Victoria Harbour views and fully engaged, highly effective employees make this truly one of the great hotels in the world.
 



  





 We are seeking motivated and enthusiastic interns to join our hospitality team. As an intern, you will gain hands\\-on experience in various aspects of hotel operations and have the opportunity to learn from industry experts. This is an excellent chance for students or recent graduates to develop their skills and explore a career in the hospitality industry.
 



  





**Opportunities available are within one of the following departments:** 



* Food \\& Beverage



  





**Are you ready to embark on a career like no other? Here is what we are looking for!** 



* Currently enrolled in or recently completed a hospitality, business, or a related degree program
* Strong customer service orientation and interpersonal skills
* Excellent communication and problem\\-solving abilities
* Proficient in Microsoft Office suite
* Ability to work flexible hours, including weekends and holidays
* Passion for the hospitality industry and a desire to learn
* Immediate available is highly preferred","Travel Arrangements and Hospitality","https://ca.linkedin.com/company/four-seasons-hotels-and-resorts","https://media.licdn.com/dms/image/v2/D560BAQEAgE4l2Z40Ig/company-logo_100_100/company-logo_100_100/0/1685134371955/four_seasons_hotels_and_resorts_logo?e=2147483647&v=beta&t=AYSPYN7XZ-38sUKd2KUDtUHrqFhFgCtzS_avEl-ybE4","","","","","","","","","","",""
"li-4315121378","linkedin","https://www.linkedin.com/jobs/view/4315121378","","The Langham INTERN Programme 2025 - The Langham, Hong Kong","Langham Hospitality Group","Hong Kong, Hong Kong SAR","2025-10-15","fulltime","","","","","",False,"internship","Management, Customer Service, and Sales","","","**About Langham Hospitality Group** 




 A wholly\\-owned subsidiary of Great Eagle Holdings, Langham Hospitality Group (LHG) comprises a family of distinctive brands, including The Langham Hotels and Resorts, Cordis Hotels and Resorts, Eaton Workshop and Ying’nFlo. With over 40 hotels and residences in operation or development, LHG has a global footprint that extends across Asia, Europe, North America, Australasia and the Middle East.
 



  





 LHG's approach to hospitality centres on open and genuine interactions with guests, colleagues and the world around us. With dedicated colleagues across four continents, we foster an engaging and respectful workplace to nurture careers, delight guests, and embrace the company's vision to building great memories together.
 



  





**The Langham, Hong Kong** 




 Located at the most fashionable address of Tsim Sha Tsui, Hong Kong, you will be part of a dynamic team to drive for maximizing the long\\-term growth of the Hotel by increasing hotel's revenue and delivering high standards in guest experience in alignment with the culture and values of Langham Hospitality Group.
 



  





 The Langham INTERN Programme offers internship trainees continuous development opportunities in The Langham, Hong Kong. We are inviting university students around the globe to join us as internship trainees to engage in on\\-the\\-job training, coaching and developing your fullest potential in the following departments,
 



  





 1\\) Rooms: Guest Relations, Concierge \\& Housekeeping
 



 2\\) F\\&B: Restaurant Services and Culinary
 



 3\\) Human Resources
 



 4\\) Sales \\& Marketing: Sales, Reservations, Catering and Event Sales \\& Marketing Communications
 



 5\\) Finance
 



  





**Period of Internship:** 
**FULL TIME** 
 . 4 to 6 months in the starting from 2025 to maximize your learning with us.
 



  





**Commencement Date:** 
 Any month is available starting from 2025\\.
 



  





**Requirements:** 
 Passion, Strong Interpersonal Skills and Eager to Learn are necessary. Both local and overseas are welcome. Work Permit is required.
 



  





 Please feel free to understand more about our hotel culture and people at
 ***https://www.youtube.com/@TLHKGHRConnect.***




  





 To apply, please send us your resume with full information.
 



  





 For more information about the property, please visit https://www.langhamhotels.com/en/the\\-langham/hong\\-kong/.","Hospitality, Food and Beverage Services, and Travel Arrangements","https://hk.linkedin.com/company/langham-hospitality-group","https://media.licdn.com/dms/image/v2/C560BAQFLMhoe0xJNWg/company-logo_100_100/company-logo_100_100/0/1630670505945?e=2147483647&v=beta&t=7v7UmEs7JSb9pJEWBA3cX1rOs05g5RdIDuR4De5x9HY","","","","","","","","","","",""
"li-4310288696","linkedin","https://www.linkedin.com/jobs/view/4310288696","","Strategy and Operations Intern  (Jan FY26 Start)","Antalpha","Hong Kong, Hong Kong SAR","2025-10-15","internship","","","","","",False,"internship","General Business","","","**About the Opportunity** 




  





 As a
 **Strategy and Operations Intern** 
 , you will be at the center of how our business plans and executes its key initiatives. Working directly with the
 **Head of Business** 
 , you will help drive strategic projects, streamline operations, and collaborate with cross\\-functional teams in a fast\\-paced
 **fintech** 
 environment.
 



  





 This internship is ideal for students who are curious about how strategy turns into execution — and who want to explore future careers in
 **business strategy, operations, or project management** 
 .
 



  





**What You’ll Do** 



* **Strategy Support** 
 – Assist in analyzing business performance, identifying growth opportunities, and preparing reports for management
* **Project Coordination** 
 – Track deliverables, follow up on initiatives, and support operational workflows across product, finance, risk, and marketing
* **Cross\\-Functional Collaboration** 
 – Facilitate communication and alignment across teams to ensure smooth project execution
* **Research \\& Presentation Support** 
 – Prepare slides, reports, and industry insights to support strategic discussions
* **Ad Hoc Initiatives** 
 – Contribute to internal projects, process improvements, and business planning sessions



  





**Who You Are** 



* A
 **final\\-year undergraduate or master’s student** 
 majoring in business, finance, economics, or related fields
* Analytical, detail\\-oriented, and organized — you enjoy solving problems and seeing ideas through
* Proactive, curious, and eager to learn
* A team player with strong communication and coordination skills
* Proficient in
 **Microsoft Excel and PowerPoint** 
 ; familiarity with
 **Notion** 
 or
 **Canva** 
 is a plus



  





  





**What You’ll Gain** 



* Firsthand exposure to
 **strategic planning and business operations**
* Mentorship from
 **senior leaders** 
 and cross\\-functional collaboration experience
* The chance to contribute to
 **meaningful, high\\-impact projects**
* A clear understanding of roles in
 **strategy, operations, and business management**
* Experience in a
 **dynamic, growth\\-driven fintech** 
 culture



  





 ✨
 **Ready to Make an Impact?** 




  





 We are looking for someone who is eager to learn, structured in thinking, and ready to take ownership. If you want to bridge strategy and execution while building a strong foundation in business operations, we would love to meet you.
 



 Would you like me to adapt this for","Financial Services","https://sg.linkedin.com/company/antalpha","https://media.licdn.com/dms/image/v2/D560BAQHWB8SIFh28oQ/company-logo_100_100/B56Zg2C80NHkAU-/0/1753253400353/antalpha_logo?e=2147483647&v=beta&t=AAjOfziECI1vwR-MpolMsod8fv0QAlxj3EPmp4210yo","","","","","","","","","","",""
"li-4314707125","linkedin","https://www.linkedin.com/jobs/view/4314707125","","Quant Trader Internship Program","Global Quant Academy","","2025-10-15","internship","","","","","",True,"internship","Finance and Sales","","","**About Us** 


 Global Quant Academy is a premier training platform dedicated to launching careers in quantitative finance, investment management, and algorithmic trading. Backed by partnerships with over 58 leading hedge funds and financial firms worldwide, we provide resources and support for the next generation of quants and traders.
 




  




**About the Internship Program** 


 Are you a STEM student passionate about quantitative strategies, financial data analysis, or algorithmic trading? Do you want to develop the technical and analytical skills that the world’s top hedge funds and trading firms demand?
 




  





**Join us as a Quantitative Trader Intern – a role crafted to give students and early graduates a chance to build real trading models, work on applied quantitative projects, and demonstrate tangible results that will strengthen your quant skills and profile for highly competitive positions in the quant industry.** 




  





 Quant Trader Internship Program
 

  





 What You’ll Do
 
* Collaborate with our hedge fund quants to design and backtest quantitative trading strategies for global financial markets .
* Analyze financial data, market trends, and risk factors using advanced statistical and programming tools (Python, R, Excel) .
* Build trading algorithms and contribute to live project simulations on equity, fixed\\-income, or multi\\-asset portfolios .
* Receive continuous feedback to sharpen your quantitative modeling, coding, and trading decision skills .



 Who Should Apply?
 


 This program is perfect for:
 



* Undergraduate students or recent graduates (preferably within 3 years) in Math, Computer Science, Engineering, Finance, Economics, or similar fields seeking a quant career .
* Curious learners ready to explore quantitative trading, research, and algorithmic finance .
* Students who come from a non\\-STEM background may be considered on a case by case basis .



  





 What You’ll Gain
 
* Real\\-world experience with cutting\\-edge trading projects and portfolio simulations .
* Quantitative trading algorithm samples for your portfolio .
* Working closely with hedge fund quant
* Flexible remote work structure .



  





 Additional Details
 
* Location: Remote (Must be based in US/UK/AUS/Canada)
* Duration: 4–5 weeks, part\\-time (flexible with class schedules)
* Compensation: Unpaid, but includes certificate \\& referral letter



  






 Ready to launch your quant finance career?
 





 Apply now to step onto the fast track for top trading and research roles!","Financial Services","https://www.linkedin.com/company/global-quant-academy","https://media.licdn.com/dms/image/v2/D560BAQFhVThe2cAvwQ/company-logo_100_100/B56ZmEhgW_JsAQ-/0/1758865000423/global_quant_academy_logo?e=2147483647&v=beta&t=jbKdOvbPoTrEKrNBuiRHTxSxsghnQGKyszErCTs8pko","","","","","","","","","","",""
"li-4314702158","linkedin","https://www.linkedin.com/jobs/view/4314702158","","Project Intern-ESOP Operation Assistant","CICC","Hong Kong, Hong Kong SAR","2025-10-15","internship","","","","","",False,"internship","Finance","","","Job description
 



 • Assist in KYC and client onboarding related compliance checks and monitoring
 



 • Help perform Anti\\-Money Laundering checks using the vendor system tools for overnight screening
 



 • Assist in handling any other work as required for the operation of the Firm’s businesses conducted from Hong Kong and elsewhere
 



 • Perform ad hoc tasks assigned from time to time
 



  





 Knowledge
 



 • Prior experience in KYC and/or AML in the financial services industry will be an advantage.
 



  





 Skills and Abilities
 



 • Honesty and integrity, low\\-key humility, hard work, possessing good moral qualities
 



 • Proficiency in both spoken and written English and Chinese, fluency in Mandarin is an advantage
 



 • Strong PC skills; proficient in MS Word, Excel and PowerPoint
 



 • Good interpersonal skills, team work oriented
 



 • Well organized and detail oriented
 



 • Hardworking, energetic, pleasant and presentable
 



 • Able to work under pressure and long hours in a fast\\-paced and challenging environment • Demonstrate initiative, integrity, efficiency and forward thinking capability
 



 • Ensure business confidentiality at all times
 



  





 Qualifications
 



 • Full\\-time undergraduate or postgraduate students","Investment Banking","https://cn.linkedin.com/company/cicc","https://media.licdn.com/dms/image/v2/C560BAQHEsNNMLYnU8g/company-logo_100_100/company-logo_100_100/0/1631348652858?e=2147483647&v=beta&t=KoPSciLo0fF9kxOxxhFasksl4DIs_pz9uDMKD0kHwRM","","","","","","","","","","",""
"li-4314717034","linkedin","https://www.linkedin.com/jobs/view/4314717034","","Project Intern - Business Development","CICC","Hong Kong, Hong Kong SAR","2025-10-15","internship","","","","","",False,"internship","Finance, Research, and Strategy/Planning","","","**About the job** 




  





 The project intern will be
 
 based in Hong Kong
 
 supporting the business development of CICC firm\\-wide business across region, including countries involved in the Belt and Road Initiative, aiming to explore new growth opportunities. The project intern will have opportunities to involve in strategic initiatives, across various departments and regional offices, and to support building CICC presence and franchise in untapped markets and support strategic projects execution in the region.
 



  





 The duties and responsibilities will include but not limited to:
 



  





**Responsibilities** 



* Assist international strategy\\-related in\\-depth research on countries, securities/finance industry, competitors, and business plan, etc. with main tasks supporting data mining, analysis, report drafting, presentations etc.
* Support international operations management, including assisting in overseas network expansion, coordination with business units and regional teams, and tracking the execution of internationalization strategies.
* Contribute to international brand\\-building initiatives, such as supporting the organization of international forums and related events.
* Support periodic reporting on internationalization progress and key initiatives.
* Keep abreast of the geopolitical, economic, financial, and industrial dynamics and regulatory changes in various regions.



  





**Qualifications and Requirements** 



* Undergraduate (junior year and above) or Postgraduate students with Finance, Economics, Accounting, Computer Science or other related majors preferred; overseas experience would be a plus.
* Previous internship or work experience in investment banking/research/consulting with reputable institutions is preferable.
* Full\\-time internship support or part\\-time internship support with at least 3 days per week preferred.
* Proactive and responsible with abilities of fast learning and working efficiently.
* Good command of PC skills, esp. Excel, Word and PowerPoint; familiar with Wind, Bloomberg, Capital IQ and Dealogic, etc.
* Proficient in both spoken and written English, fluent in other languages would be a plus.



  





*The preceding job description has been designed to indicate the general nature and level of the work performed by employees within this classification. It is not designed to contain or be interpreted as the comprehensive inventory of all duties, responsibilities, and qualifications required of employees assigned to this job.* 




  





*Disclaimer:* 




*CICC is committed to fostering an environment of equity and diversity. We recognize the importance of fair treatment in all aspects of our business, from recruitment and hiring to professional development and advancement.* 




  





*CICC aims to build an inclusive workplace that values the diverse backgrounds, ideas, and cultures of our employees. We strive to create an environment where every employee feels heard, supported, and empowered to contribute to the company's growth and success. By leveraging our collective strengths, we aim to drive innovation and achieve excellence in the industry.* 




  





*It is CICC’s responsibility to provide equal employment opportunities to all prospective employees, regardless of race, ethnicity, gender, age, disability, or any other characteristics protected by law.*","Investment Banking and Financial Services","https://cn.linkedin.com/company/cicc","https://media.licdn.com/dms/image/v2/C560BAQHEsNNMLYnU8g/company-logo_100_100/company-logo_100_100/0/1631348652858?e=2147483647&v=beta&t=KoPSciLo0fF9kxOxxhFasksl4DIs_pz9uDMKD0kHwRM","","","","","","","","","","",""
"li-4310719428","linkedin","https://www.linkedin.com/jobs/view/4310719428","","Product Operations Intern (Jan FY26 Start)","Antalpha","Hong Kong, Hong Kong SAR","2025-10-15","internship","","","","","",False,"internship","General Business and Other","","","Antalpha (NASDAQ: ANTA) is a leading fintech company specializing in providing financing, technology and risk management solutions to institutions in the digital asset industry. Antalpha offers Bitcoin supply chain and margin loans through the Antalpha Prime technology platform, which allows customers to originate and manage their digital assets loans, as well as monitor collateral positions with near real\\-time data
 



  





**What You’ll Do** 




  




* **Product \\& Business Support \\-** 
 Learn how our products serve business users and help standardize related processes.
* **Track and Analyze Product Data \\-** 
 Assist in analyzing usage data and propose ideas to improve efficiency and user experience.
* **Coordinate Product Development Tasks \\-** 
 Support product lifecycle milestones—from planning and testing to go\\-live support.
* **Handle Client \\& Workflow Requests \\-** 
 Manage customer tickets, emails, and assist in preparing product\\-related documents.



  





**What We Look For** 




  




* Final\\-year student based in Hong Kong
* Studying
 **Business, Finance, Engineering** 
 , or a related field
* Organized, analytical, and proactive
* Proficient in
 **office tools (Excel, PowerPoint)** 
 for data and presentation tasks
* Interest in technology, fintech, or product operations is a plus","Financial Services","https://sg.linkedin.com/company/antalpha","https://media.licdn.com/dms/image/v2/D560BAQHWB8SIFh28oQ/company-logo_100_100/B56Zg2C80NHkAU-/0/1753253400353/antalpha_logo?e=2147483647&v=beta&t=AAjOfziECI1vwR-MpolMsod8fv0QAlxj3EPmp4210yo","","","","","","","","","","",""
"li-4315133735","linkedin","https://www.linkedin.com/jobs/view/4315133735","https://careers.rosewoodhotelgroup.com/rosewoodhotels/ApplicationMethods?folderId=427452&source=LinkedIn&urlHash=HOcu","Admin - S&M Intern","Rosewood Hong Kong","Hong Kong, Hong Kong SAR","2025-10-15","internship","","","","","",False,"internship","Administrative","","","OUR PURPOSE AND CULTURE We are driven to create a future where people and place enrich one another. We are wholly committed to rooting ourselves more deeply in every place we are in while setting new benchmarks for positive impact. As a pioneering collective with a common purpose, we curate extraordinary moments and honor the soul of every place along our journey. At Rosewood Hotel Group, we answer The Calling. Together, we Make the Place. 
   

 THE INTERNSHIPWe invite you to apply for a 6 month internship: • Discover your Calling, your purpose and passion, and create a meaningful impact • Discover our hospitality culture and gain a holistic view of our operations • Get inspired by the passion of our associates to deliver service excellence • Challenge yourself to continuous growth and innovation along your learning journey 
   

 COULD THIS BE YOU? If you are passionate about hospitality and believe in providing high\\-level of service, then you have a place in our team as we are looking for a candidate with the below profile:  • Currently studying at a hotel school  • Some previous experience in the hospitality industry  • Fluent English. Any other language is a plus  • Be guest\\-orientated and innovative 
   

  OUR COMMITMENT TO YOU At Rosewood Hotel Group, your voice is heard – and valued. We’re a community that encourages associates to be themselves, not fit into a fixed culture, and this philosophy shines through in our commitments to reflect and honor the history,culture and geography of our destinations. We’re not only committed to building and nurturing genuine, long\\-lasting relationships but to transforming them – and our Diversity, Equity and Inclusion (DEI) strategy helps put these principles into practice.","Hospitality","https://hk.linkedin.com/company/rosewoodhongkong","https://media.licdn.com/dms/image/v2/D4E0BAQExKoSbG9DoDA/company-logo_100_100/B4EZnCO024HcAU-/0/1759900290897/rosewoodhongkong_logo?e=2147483647&v=beta&t=8EF7x2UsvQD_LEAf4d2qB6QefR-LhnDLA3EvgcjH0S4","","","","","","","","","","",""
"li-4315171634","linkedin","https://www.linkedin.com/jobs/view/4315171634","","Tradeweb International Summer Internship Program 2026 – Business Division, Hong Kong","Tradeweb","","2025-10-15","fulltime","","","","","",False,"internship","Business Development and Sales","","","**Job Description**
 At Tradeweb, we’re constantly moving forward. We were the first to electronify the bond market, and we’ve been innovating ever since. Come join our team and find out what it means to lead the way into the future of electronic trading. Collaborate with our creative thinkers who have the vision and the drive, and learn how you too can make an impact of your own.
   

  

 As a business intern, you’ll work with our technologists and business experts to gain practical, hands\\-on experience that you can actually use. Our program combines traditional classroom\\-settings with project\\-based work where you can get involved with the products and services the firm is working on. Along the way, you’ll have guidance from people at all levels of the organization so you can start to build a long\\-lasting professional network and build relationships with the intern class through interactive outings and projects.
   

  

 Potential Departments you can work in include:
   

  

 Product Management \\& Market Support
   

  

 Data analytics \\& Integration
   

  

 Relationship Management, Client Support \\& Sales
   

  

 At the conclusion of your internship, you may be considered for full\\-time employment, to commence upon successful completion of your degree program. The full\\-time employment opportunity would be based in Tradeweb’s Hong Kong office.
   

  

**Internship Requirements**
 In your final or penultimate year of an undergraduate or Master’s degree in any industry
   

  

 Basic knowledge of and interest in financial markets and technology
   

  

 Ability to analyze a problem, take a view and present a plan of action
   

  

 Ability to manage multiple projects at once
   

  

 A team player
   

  

 Curiosity to further your knowledge and understanding of electronic trading \\& market structure
   

  

 Ability to work 9 weeks on\\-site in Tradeweb offices in Summer 2026
   

  

 For further information on our summer internship program please visit:
   

  

 https://www.tradeweb.com/who\\-we\\-are/tradeweb\\-summer\\-internship\\-program/
   

  

**About Tradeweb Markets**
 Tradeweb Markets is a world leader in the evolution of electronic trading. A fintech company serving approximately 2,500 clients – including the world’s largest banks, asset managers, hedge funds, insurance companies, wealth managers and retail clients \\-\\- in more than 65 countries across the globe. Since our first trade in 1998, we have helped transform and electronify the fixed income markets. Tradeweb is a culture built on innovation, creativity and collaboration. Through a combination of very talented and driven people, innovative products and solutions, cutting\\-edge technology, market data, and a vast network of clients, we continue to work together to improve the way financial markets trade.
   

  

**Mission Statement:** 
 Move first and never stop. Collaborate with clients to create and build solutions that drive efficiency, connectivity, and transparency in electronic trading.
   

  

 Tradeweb Markets LLC (""Tradeweb"") is proud to be an EEO Minorities/Females/Protected Veterans/Disabled/Affirmative Action Employer.
   

  

 https://www.dol.gov/ofccp/regs/compliance/posters/pdf/eeopost.pdf
   

  

**Private Policy Statement Link:**
 https://www2\\.tradeweb.com/l/105492/2021\\-05\\-05/h7v2kl/105492/1620231674fqv9j2ci/Tradeweb\\_EU\\_Applicant\\_Privacy\\_Policy.pdf","Financial Services","https://www.linkedin.com/company/tradeweb","https://media.licdn.com/dms/image/v2/D4E0BAQE6iuXN3o7DeQ/company-logo_100_100/company-logo_100_100/0/1719847092390/tradeweb_logo?e=2147483647&v=beta&t=ywRIAUYBCZJu5UIOHXQ38WPuPaezeEpHQ--vrO_8NmI","","","","","","","","","","",""
"li-4205240988","linkedin","https://www.linkedin.com/jobs/view/4205240988","","AI Product Developer/Engineer Intern(HK STEM)","Hyphen Connect","Hong Kong, Hong Kong SAR","2025-10-15","fulltime","","","","","",False,"internship","Product Management and Marketing","","","**About Hyphen Connect** 




 Hyphen Connect is building a game\\-changing Candidate CRM that syncs with our candidate and jobs systems and databases to streamline recruitment. We’re a small, ambitious recruitment team with a big vision: to make candidate management smarter and more efficient. We’re looking for a driven AI Developer/Engineer Intern to design and build AI\\-powered features for our CRM—someone who can take charge, experiment, and deliver solutions with minimal oversight.
 



  





**Role Overview** 




 As our AI Developer/Engineer, you’ll be the brains behind creating AI\\-driven tools to enhance our Candidate CRM. We need a self\\-motivated engineer who loves coding, tinkering, and turning ideas into reality. You’ll work directly team members with passion for the project but limited dev experience—to develop features like advanced candidate search and automation, using tools you can master on your own.
 



  





**Key Responsibilities** 



* Design and build AI\\-powered features (e.g., smart candidate search, resume parsing, automated tagging, and anything you can think of!) that fit our CRM’s goals.
* Develop prototypes using accessible tools, APIs, or scripting (e.g., Python, ChatGPT API, Google Colab) to solve real recruitment challenges.
* Explore and implement user\\-friendly AI solutions that don’t require a full dev team to maintain.
* Test your code with sample candidate data from candidate database and refine it based on results.
* Document your work—code, experiments, and simple guides—so we can keep the momentum going.
* Partner with a tech\\-forward recruitment manager to prioritize features and ensure they meet our recruiters’ needs.



  





**Qualifications** 



* Current enrollment in a program in Computer Science, Data Science, Engineering, or a related STEM field.
* A self\\-starter mentality: you’re comfortable learning tools, debugging, and building solo.
* Hands\\-on experience with coding (e.g., Python, JavaScript, or similar) and a passion for AI (no expert\\-level skills required—just enthusiasm to dive in).
* A portfolio of work showcasing your development skills—think school projects, personal apps, scripts, or experiments (doesn’t need to be CRM or recruitment\\-related, just show us you can build stuff!).
* Familiarity with APIs, no\\-code/low\\-code platforms, or basic data handling (e.g., CSV files, JSON) is a plus but not mandatory.
* Ability to break down technical ideas for a non\\-technical team with clarity and excitement.
* Bonus: Interest in recruitment tech, CRM/ATS, or messing around with data.



**What You’ll Gain** 



* Full ownership to design and code AI features for a real product.
* A chance to shine in a startup where your work shapes our work and future.
* Practical engineering experience with tools and challenges you can tackle solo.
* A portfolio piece to flex your development and product management skills.
* Mentorship from a founder obsessed with recruitment innovation.","Staffing and Recruiting","https://www.linkedin.com/company/hyphen-connect","https://media.licdn.com/dms/image/v2/D560BAQGkEqO8eFR8LA/company-logo_100_100/B56ZdERklrGQAQ-/0/1749197147409/hyphen_connect_logo?e=2147483647&v=beta&t=tlEz1uO505dvIXZ5OIHxVbPy8J3j0RMgnmfirqkYIFw","","","","","","","","","","",""
"li-4314683259","linkedin","https://www.linkedin.com/jobs/view/4314683259","https://careers.point72.com/CSJobDetail?jobName=2026-trader-summer-intern-hong-kong-12-week-program-&jobCode=IVS-0013882&urlHash=HyGD","2026 Trader Summer Intern, Hong Kong (12-week program)","Point72","","2025-10-14","fulltime","","","","","",False,"internship","Finance and Sales","","","A CAREER WITH POINT72’S TRADING DEPARTMENT
   

  

 Point72’s Asia Trading team is comprised of long/short equity and derivatives execution traders who support the firm’s multi\\-manager platform of investment professionals. If you are interested in pursuing a career in trading at a premier asset management firm, this role will provide you with unparalleled training and experience. We are looking for someone who is highly proficient, articulate, detail\\-oriented, and eager to be an important part of the financial markets.
   

  

**About The Asia Trading Internship**
 If you are interested in pursuing a career in Trading, this 12\\-week \\[DJ1] summer internship will provide you with valuable experience at a complex global firm. During the internship, you will help support our Asia Trading team and gain exposure to:
   

  

* Assisting with booking trades
* Conducting industry and company specific research
* Providing market updates, news, and fund flow summaries
* Monitoring market shifts to inform the rest of the team
* Identifying potential risk areas and working to prevent trade or operational errors
* Monitoring price movement, volume, and trading flows
* Point72’s ethical decision\\-making approach


 SUMMER INTERNSHIP PROGRAM AT POINT72
   

  

 In addition to the learning and development you’ll receive in your day\\-to\\-day role with your team, as a part of our summer internship program you will gain exposure to:
   

  

* Work alongside your fellow interns and be mentored by experienced professionals
* Meet your peers through designated intern programming, volunteer opportunities, and social events
* Attend sessions with senior leaders discussing their expertise and career paths
* Get hands\\-on access to the wealth of tools and resources that Point72 employees use everyday
* Interact with groups and functions with unique responsibilities and perspectives on our industry
* Develop technical, writing, and presentation skills
* Participate in networking opportunities across the firm


**What's Required**
* Expected degree from Dec 2026 to August 2027
* Demonstrated academic success as reflected in a minimum cumulative GPA of 3\\.2
* Knowledge of trading trends and products
* Ability to manage multiple tasks and deadlines in a fast\\-paced environment
* Strong analytical, writing, verbal communication, and technical skills
* Strong attention to detail and demonstrated ability to work cooperatively with all levels of the team
* Conduct yourself with professionalism and integrity at all times
* Commitment to the highest ethical standards


**About Point72**
 Point72 is a leading global alternative investment firm led by Steven A. Cohen. Building on more than 30 years of investing experience, Point72 seeks to deliver superior returns for its investors through fundamental and systematic investing strategies across asset classes and geographies. We aim to attract and retain the industry’s brightest talent by cultivating an investor\\-led culture and committing to our people’s long\\-term growth. For more information, visit https://point72\\.com/.","Financial Services","https://www.linkedin.com/company/point72-asset-management-l-p-","https://media.licdn.com/dms/image/v2/D4E0BAQF2MV3AvQq8Yg/company-logo_100_100/company-logo_100_100/0/1732723946871/point72_asset_management_l_p__logo?e=2147483647&v=beta&t=nxtFXSMXWYmXmdr3hnKRMH3HSJSxntuHIStn8Xz0bU0","","","","","","","","","","",""
"li-4314245379","linkedin","https://www.linkedin.com/jobs/view/4314245379","","Business Operation Intern","UnionPay International","MACAO SAR, China","2025-10-14","internship","","","","","",False,"internship","Customer Service","","","崗位描述:
 



 1\\.資料分析與市場調研及撰寫報告
 



 2\\.辦公室日常工作支援
 



 3\\.活動執行輔助支持
 



 4\\.其它日常產品支援工作
 



  





 應聘要求：
 



 本科及以上學歷，無特殊專業要求，有相關實習經驗人士優先","Financial Services","https://cn.linkedin.com/company/unionpay-international","https://media.licdn.com/dms/image/v2/C560BAQEPRMlYMIOZEQ/company-logo_100_100/company-logo_100_100/0/1631312765511?e=2147483647&v=beta&t=2mvBVqo0J1i4vwjeP9yCW8nT78fo98Qm6QbXTY6BLy0","","","","","","","","","","",""
"li-4313744567","linkedin","https://www.linkedin.com/jobs/view/4313744567","https://jobs.standardchartered.com/job/Kwun-Tong-Wealth-and-Retail-Banking-Internship-Programme-Hong-Kong-2026/1329220957/?feedId=363857&utm_source=lilimitedlistings&urlHash=jJTA","Wealth and Retail Banking Internship Programme Hong Kong 2026","Standard Chartered","Kwun Tong District, Hong Kong SAR","2025-10-13","fulltime","","","","","",False,"internship","Finance and Sales","","","**About The Wealth And Retail Banking Team**
 We serve more than 13 million individuals and small businesses, with a focus on the affluent segment which encompasses Private Banking, Priority Private, Priority Banking, and Premium Banking. Within the mass retail sector, our strategic focus is on emerging affluent clients who will progress in their wealth journey with us, forming the future pipeline of affluent clients.
   

  

 We’re a leading wealth manager in Asia, Africa and the Middle East, and our deep local presence and international network enables us to capture the strong structural tailwinds which are driving cross\\-border wealth flows. Our comprehensive product offerings span across deposits, payments, financing, advisory, investments and bancassurance.
   

  

**About the Internship Programme – how you’ll learn and grow**
 Join a skills\\-first organisation where your potential matters more than your background. You’ll get the opportunity to work alongside talented professionals, tackle real business challenges, and discover what it’s like to be part of a global organisation. You’ll build valuable skills, contribute to innovative projects, and form connections to last throughout your career. Many interns go on to join us as graduates \\- this could be where your journey begins.
   

  

**The Programme Will Support Your Skills Development**
* 10\\-week summer internship
* A structured induction and orientation
* Classroom learning on our products, platforms and business
* On\\-the\\-job training and technical seminars
* Support from managers, mentors and buddies
* Networking events with senior leaders
* Opportunities to contribute to community initiatives


 In addition to continuous learning opportunities, you’ll be given early responsibilities and be able to make extensive connections across different teams, including:
   

  

* Affluent Banking: Accelerating wealth growth for our affluent clients – Personal, Premium, Priority, Priority Private and Private Banking.
* Wealth Solutions: Committed to building, managing and protecting client’s wealth.
* Digital Banking: Using data and NextGen technology to deliver personalised banking solutions.
* Bancassurance Performance and Analytics: Supports the business through the application of data, AI, and analytics to enhance performance.


**Bring the skills and we’ll help you to grow**
**Skills**
 We believe that diverse skills drive innovation, which is why we welcome students from all degree disciplines and encourage applicants from diverse backgrounds:
   

  

* Strong academic performance and extracurricular involvement
* Team players with agility and resilience
* Analytical thinkers with attention to detail
* Passion for dynamic, fast\\-paced environments
* Excellent project management and communication skills
* Have a permanent legal right to work in the country you’re applying to
* You must be a penultimate year student and available to intern in July 2026 and start full\\-time in July 2027\\.


**Key Dates**
* Assessment Centres: November 2025
* Start Date: July 2026


**About Standard Chartered**
 We're an international bank, nimble enough to act, big enough for impact. For more than 170 years, we've worked to make a positive difference for our clients, communities, and each other. We question the status quo, love a challenge and enjoy finding new opportunities to grow and do better than before. If you're looking for a career with purpose and you want to work for a bank making a difference, we want to hear from you. You can count on us to celebrate your unique talents and we can't wait to see the talents you can bring us.
   

  

 Our purpose, to drive commerce and prosperity through our unique diversity, together with our brand promise, to be here for good are achieved by how we each live our valued behaviours. When you work with us, you'll see how we value difference and advocate inclusion.
   

  

**Together We**
* Do the right thing and are assertive, challenge one another, and live with integrity, while putting the client at the heart of what we do
* Never settle, continuously striving to improve and innovate, keeping things simple and learning from doing well, and not so well
* Are better together, we can be ourselves, be inclusive, see more good in others, and work collectively to build for the long term


**What we offer
   

  

 In line with our Fair Pay Charter,** 
 we offer a competitive salary and benefits to support your mental, physical, financial and social wellbeing.
   

  

* Core bank funding for retirement savings, medical and life insurance, with flexible and voluntary benefits available in some locations.
* Time\\-off including annual leave, parental/maternity (20 weeks), sabbatical (12 months maximum) and volunteering leave (3 days), along with minimum global standards for annual and public holiday, which is combined to 30 days minimum.
* Flexible working options based around home and office locations, with flexible working patterns.
* Proactive wellbeing support through Unmind, a market\\-leading digital wellbeing platform, development courses for resilience and other human skills, global Employee Assistance Programme, sick leave, mental health first\\-aiders and all sorts of self\\-help toolkits
* A continuous learning culture to support your growth, with opportunities to reskill and upskill and access to physical, virtual and digital learning.
* Being part of an inclusive and values driven organisation, one that embraces and celebrates our unique diversity, across our teams, business functions and geographies \\- everyone feels respected and can realise their full potential.


**Recruitment Assessments**
 Some of our roles use assessments to help us understand how suitable you are for the role you've applied to. If you are invited to take an assessment, this is great news. It means your application has progressed to an important stage of our recruitment process.
   

  

 Visit our careers website www.sc.com/careers","Banking","https://uk.linkedin.com/company/standardchartered","https://media.licdn.com/dms/image/v2/D4E0BAQFBscD8bpyYjw/company-logo_100_100/B4EZgYqzHkGYAo-/0/1752760529791/standardchartered_logo?e=2147483647&v=beta&t=TdzEhiCIJEk6tQjc3uklsazR5f_MhCLDqUhna2sWiQs","","","","","","","","","","",""
"li-4314159351","linkedin","https://www.linkedin.com/jobs/view/4314159351","","2026 Corporate Access Summer Intern, Hong Kong","Point72","","2025-10-13","fulltime","","","","","",False,"internship","Education and Training","","","A Career with Point72’s Corporate Access Department
   

  

 Point72’s Corporate Access team is responsible for ensuring investment teams have the highest quality corporate access offering and services in support of their efforts to generate superior, risk\\-adjusted returns. We collaborate closely with the Firm’s investment and Compliance professionals, leverage innovative data and technology, and collaborate and foster effective partnerships with external providers.
   

  

**About The Corporate Access Internship**
 If you are interested in pursuing a career in corporate access, this 10\\-week summer internship will provide you a valuable experience at a complex global firm. During your time with us, you will gain exposure to:
   

  

* Interacting with discretionary investment professionals and other internal stakeholders to support and advance the firm’s Corporate Access program and stay informed of evolving corporate access needs
* Learn about the firm’s relationships with our Compliance\\-approved broker community
* Managing requests from investment teams to attend Compliance\\-approved industry conferences and non\\-deal roadshows (NDRs)
* Gain exposure to corporate access data and technology related projects, including the implementation of analytics and reporting to identify trends and opportunities


 Summer Internship Program at Point72
   

  

 In addition to the learning and development you’ll receive in your day\\-to\\-day role with your team, as a part of our summer internship program you will:
   

  

* Work alongside your fellow interns and be mentored by experienced professionals
* Meet your peers through designated intern programming, volunteer opportunities, and social events
* Attend sessions with senior leaders discussing their expertise and career paths
* Get hands\\-on access to the wealth of tools and resources that Point72 employees use everyday
* Interact with groups and functions with unique responsibilities and perspectives on our industry
* Develop technical, writing, and presentation skills
* Participate in networking opportunities across the firm


**What's Required**
* Expected degree from Dec 2026 to August 2027
* Demonstrated academic success as reflected in a minimum cumulative GPA of 3\\.2
* Ability to manage multiple tasks and deadlines in a fast\\-paced environment
* Strong analytical, writing, verbal communication, and technical skills
* Strong attention to detail and demonstrated ability to work cooperatively with all levels of the team
* Conduct yourself with professionalism and integrity at all times
* Commitment to the highest ethical standards


**About Point72**
 Point72 is a leading global alternative investment firm led by Steven A. Cohen. Building on more than 30 years of investing experience, Point72 seeks to deliver superior returns for its investors through fundamental and systematic investing strategies across asset classes and geographies. We aim to attract and retain the industry’s brightest talent by cultivating an investor\\-led culture and committing to our people’s long\\-term growth. For more information, visit https://point72\\.com/.","Financial Services","https://www.linkedin.com/company/point72-asset-management-l-p-","https://media.licdn.com/dms/image/v2/D4E0BAQF2MV3AvQq8Yg/company-logo_100_100/company-logo_100_100/0/1732723946871/point72_asset_management_l_p__logo?e=2147483647&v=beta&t=nxtFXSMXWYmXmdr3hnKRMH3HSJSxntuHIStn8Xz0bU0","","","","","","","","","","",""
"li-4314143237","linkedin","https://www.linkedin.com/jobs/view/4314143237","","Vertical Planning & Operations Intern","Klook","Hong Kong, Hong Kong SAR","2025-10-13","parttime","","","","","",False,"internship","Management and Manufacturing","","","**About Klook**
 We are Asia’s leading platform for experiences and travel services, and we believe that we can help
 **bring the world closer together through experiences** 
 .
   

  

 Founded in 2014 by 3 avid travelers, Ethan Lin, Eric Gnock Fah and Bernie Xiong, Klook inspires and enables more moments of joy for travelers with over half a million curated quality experiences ranging from the biggest attractions to paragliding adventures, iconic museums to rich cultural tours, and other convenient local travel services across 2,700 destinations around the world.
   

  

 Do you share our belief in the wonders of travel? Our international community of over 1,800 employees, based in 30\\+ locations, certainly do! Global citizens ourselves, Klookers are not only curating memorable experiences for others but also co\\-creating our world of joy within Klook.
   

  

 We work hard and play hard, upkeeping our high\\-performing culture as we are guided daily by our 6 core values:
   

  

* Customer First
* Push Boundaries
* Critical Thinking
* Build for Scale
* Less is More
* Win as One


 We never settle, and together, we believe in achieving greater heights and realizing endless possibilities ahead of us in the dynamic new era of travel. Care to be a part of this revolution? Join us!
   

  

 part\\-time or intern both good
   

  

*Klook is proud to be an equal opportunity employer. We hire talented and passionate people of all backgrounds. We believe that a joyful workplace is an inclusive workplace, one where employees from all walks of life have an equal opportunity to thrive. We’re dedicated to creating a welcoming and supportive culture where everyone belongs.*
*Klook does not accept unsolicited resumes from any temporary staffing agency, placement service or professional recruiter (“Agency”). Klook will not be responsible for, and will not pay, any fees, commissions or other payments related to such unsolicited resumes.*
*An Agency must obtain advance written approval from Klook’s Talent Acquisition Team to submit resumes, and then only in conjunction with a valid fully\\-executed agreement for service and in response to a specific job opening for which the Agency has been requested to submit resumes for. Klook will not be responsible for, and will not pay, any fees, commissions or other payments to any Agency that does not have such agreement in place or does not comply with the foregoing.*","Software Development","https://hk.linkedin.com/company/klook","https://media.licdn.com/dms/image/v2/D560BAQEbalfGsISVzQ/company-logo_100_100/company-logo_100_100/0/1737442985959/klook_logo?e=2147483647&v=beta&t=9xstBnPb_XHP-Td3QX0yv9bDJVrvu7Bi44RSeqjV-YM","","","","","","","","","","",""
"li-4313949642","linkedin","https://www.linkedin.com/jobs/view/4313949642","","Quantitative Intern, Hong Kong","Millennium","Hong Kong, Hong Kong SAR","2025-10-13","internship","","","","","",False,"internship","Research and Other","","","As a Quantitative intern, you will play a crucial role in supporting Millennium’s investment strategies through data analysis, model development, and close collaboration with our Quant professionals. Your analytical skills, programming expertise, and financial knowledge will be utilized to address real\\-world challenges.
 



  





  

 We're seeking interns pursuing advanced degrees in a quantitative discipline such as Financial Engineering, Quantitative and Computational Finance, Statistics, Physics, or Applied Mathematics. Interns will be hired across various functions within the Firm, including Equities, Fixed Income, Commodities, Execution Trading, Risk Management, Technology, and Portfolio Valuations. Through the application process, interns are evaluated for specific roles within the domains of Quantitative Researcher, Quantitative Developer, or Quantitative Modeler
 



  





**.
   

 Quantitative Researche** 



* r:Data Analysis: Explore and analyze a vast array of datasets, including both market data from asset trading and alternative data from other aspects of the economy using machine learning/statistical/applied math/econometric technique
* s.Strategy Backtesting: Perform back testing of strategies to evaluate their performance and robustnes
* s.Tool Development: Build broad set of research tools ranging from data acquisition/normalization libraries to backtesters and portfolio optimizer



  





**s.
   

 Quantitative Develop** 



* er:System Development: Design, develop and maintain robust and scalable quantitative tools and syste
* ms.Application Development: Create applications to analyze profitability and risks of trading strategi
* es.Research Tools: Develop a broad set of research tools for systematic portfolio managers ranging from data acquisition/normalization libraries to backtesters and portfolio optimize
* rs.Workflow Management: Create and modify technology workflows for trade processing and risk manageme



  





**nt.
   

 Quantitative Model** 



* er: Model Development: Develop and calibrate mathematical models for asset pricing, risk management or market behav
* ior.Model Validation: Perform backtesting and validation of models to ensure accuracy and reliabil
* ity.Predictive Analysis: Analyze financial data and develop predictive models to support decision making within the t
* eam.Collaboration: Interact with developers and quant professionals for model development, implementation, validation and appro



  





**val.
   

 Qualificat** 



* ions:Academic Excellence: Cumulative GPA of 3\\.5 and above requ
* ired.Degree: Pursuing a Bachelor’s or Master’s degree in a technical or quantitative discipline, such as Financial Engineering, Quantitative and Computational Finance, Statistics, Applied Mathematics, Physics, Computer Engineering, Computer Science, Operations Research, Data Science, Engineering,
* etc.Graduating between December 2026 and July
* 2027\\.Programming Proficiency: Demonstrated proficiency in at least Python or
* C\\+\\+.Technical Knowledge: Understanding of Data Structures and Algori
* thms.Research Experience: Experience performing an in\\-depth research project examining real\\-world
* data.Methodological Expertise: Solid understanding of statistical and machine learning techni
* ques.Must be able to commit to a full\\-time 11 week internship from 8 June



  




 2026\\.","Investment Management","https://www.linkedin.com/company/millennium-partners","https://media.licdn.com/dms/image/v2/D4E0BAQHrvVyJkeqShw/company-logo_100_100/company-logo_100_100/0/1719258237812/millennium_partners_logo?e=2147483647&v=beta&t=o5S8BRx1jxfvtCliBW5f95M2u_iAooO9fsS2t1inSS4","","","","","","","","","","",""
"li-4311056779","linkedin","https://www.linkedin.com/jobs/view/4311056779","https://db.wd3.myworkdayjobs.com/en-US/DWSWebsite/job/Human-Resource-Summer-Internship\\u002d\\u002d10-weeks-_R0404089-2?source=Linkedin&urlHash=diOK","Human Resource Summer Internship (10 weeks)","DWS Group","Hong Kong, Hong Kong SAR","2025-10-12","internship","","","","","",False,"internship","Human Resources","","dws.ECrecruitment@db.com","**Employer:** 
**DWS Group** 




  





**Title:** 
**Human Resource Summer Internship (10 weeks)** 




  





**Location:** 
**Hong Kong** 




  





**Job Code:** 




  





**About DWS** 




  





 At DWS, we’re capturing the opportunities of tomorrow. You can be part of a leading, client\\-committed, global Asset Manager, making an impact on individuals, communities, and the world.
 



  





 Today, markets still face a whole new set of pressures – but also a whole lot of opportunity too. Opportunity to innovate differently. Opportunity to invest responsibly. And opportunity to make change. This is needed more than ever as we currently experience high interest rates, a once\\-in\\-a\\-lifetime health crisis, a shift in global demographics – and politics – as well as advances in digitalization and economies moving towards a more sustainable future.
 



  





 While there is always uncertainty in markets, one thing remains clear: there is always a new situation that requires the right investment answers. We call it the new now.
 



  





**About The Internship** 




  





 The DWS Internship is an opportunity to gain a wide range of practical experience. Individual projects, participation in speaker sessions and networking events will all be part of the internship. Whilst you can expect a high learning curve from our internship, you will benefit from the support of your managers and mentors along with unparalleled exposure to the world of Asset Management. This internship is an ideal way to determine whether a career in Financial Services \\& Asset Management meets your personal aspirations.
 



  





 Subject to performance, successful interns may be offered a place on the DWS Graduate P.A.C.E. program the following year.
 



  





**About The Human Resources Team** 




  





 The Human Resources department at DWS serves as a cornerstone of our company’s commitment to fostering a dynamic and inclusive work environment. We are dedicated to attracting, developing, and retaining top talent, ensuring that every employee has the tools, resources, and opportunities to excel and grow. Our HR team is integral to shaping the strategic direction of the company, closely aligning our people strategies with business objectives, and driving initiatives that promote diversity, inclusion, and employee engagement at all levels. We are focused on creating a workplace where innovation is encouraged, and every individual can reach their full potential.
 



  





 By joining our HR team, you will gain hands\\-on experience in a wide range of HR functions. You will be involved in key projects that directly impact our business and our people, giving you a comprehensive understanding of how HR operates within a leading global asset manager. The HR internship offers a unique opportunity to contribute to a high\\-performing team while developing the skills and knowledge needed to build a successful career in Human Resources.
 



  





 As an Intern in Human Resources you will have the opportunity to gain a wide range of practical experience. Individual projects, participation in speaker sessions and networking events will all be part of the internship. Whilst you can expect a high learning curve from our internship, you will benefit from the support of your managers and mentors along with unparalleled exposure to the world of Asset Management.
 



  





**Eligibility** 




  




* You must be enrolled and on track to graduate from a bachelor’s or master’s degree between December 2026 \\- July 2027\\.
* You must be available to work full\\-time from the 22nd June and 28th August 2026\\.
* You must hold valid right to work in Hong Kong from the 22nd June and 28th August 2026\\.
* You must possess less than 12 months of full\\-time, relevant work experience (excluding other internships).



  





**Our commitment to equal employment opportunity** 




  





 Our values define the working environment we strive to create – diverse, supportive and welcoming of different views. We embrace a culture reflecting a variety of perspectives, insights and backgrounds to drive innovation. We build talented and diverse teams to drive business results and encourage our people to develop to their full potential.
 



  





 We promote good working relationships and encourage high standards of conduct and work performance. We welcome applications from talented people from all cultures, countries, races, genders, sexual orientations, disabilities, beliefs and generations and are committed to providing a working environment free from harassment, discrimination and retaliation.
 



  





 If you have any questions about this program or need us to make any adjustments to help you complete any stage of your application, let us know at dws.ECrecruitment@db.com . Someone from our Early Careers team will get in touch.
 



  





 We at DWS are committed to creating a diverse and inclusive workplace, one that embraces dialogue and diverse views, and treats everyone fairly to drive a high\\-performance culture. The value we create for our clients and investors is based on our ability to bring together various perspectives from all over the world and from different backgrounds. It is our experience that teams perform better and deliver improved outcomes when they are able to incorporate a wide range of perspectives. We call this \\#ConnectingTheDots.","Venture Capital and Private Equity Principals and Investment Management","https://de.linkedin.com/company/dwsgroup","https://media.licdn.com/dms/image/v2/D4E0BAQEP14xwAvBr2w/company-logo_100_100/company-logo_100_100/0/1724258797539/dwsgroup_logo?e=2147483647&v=beta&t=gq02M4YGs7uGHhyj6OdL7K5UtRjsBfa6a4UB9KEY3f0","","","","","","","","","","",""
"li-4291871981","linkedin","https://www.linkedin.com/jobs/view/4291871981","","Internship (6-month full time)-Hong Kong","Ekimetrics","","2025-10-10","fulltime","","","","","",False,"internship","Education and Training","","","* Ekimetrics is a leader in data science and AI\\-powered solutions. For over 18 years, we’ve pioneered the use of AI and advanced data science applied to unified marketing measurement, holistic business optimization and broad\\-ranging sustainability goals.
* Our goal: Combine high impact solutions with long\\-term sustainable business purposes.
* Ekimetrics Hong Kong has been awarded the ‘Best Companies to work for in Asia 2023’ award!
* Ekimetrics is one of the world’s largest independent analytics firms with offices on 3 continents, and more than 400 data experts. Since 2006, we have led more than a thousand data science projects in over 50 countries, generating more than €1bn in profit for our customers.
* Our difference lies in an integrated approach to performance, and in the desire to reaffirm the value of understanding the business model, which we believe is at the heart of transforming data into new business assets. These sentiments are supported by our company values which serve as pillars in our work and attitude: Curiosity, Creativity, Excellence, Transmission, and Pleasure.
* Requirement of your engagement:
* Students graduating in 2026 or 2027
* Commit to 5 to 6 months of full\\-time engagement (5\\-day work week). Onboarding will be in January 2026
* Applicants who are seeking less than 5 months of engagement will not be considered at this time.
* Job Responsibilities
* Our internship program will give a flavour of what we do at Ekimetrics and can lead to a full\\-time offer.
* As an intern consultant you will be working on challenging projects with international blue\\-chip clients across diverse industries, on advanced data science, AI\\-powered solutions and consulting, including meeting with clients and building bespoke solutions to tackle their challenges.
* You will be working in teams of 2 to 5 consultants, on 1 to 3 projects simultaneously.
* Get involved in projects from first discovery meetings all the way to final recommendations, responsible for gathering and analyzing data, building statistical models, translating quantitative insights into strategic recommendations and delivering the final results.
* You will have plenty of opportunities to be creative and suggest innovative approaches, and be mentored to grow and develop yourself to taking ownership of your projects and be able to present your results and will be exposed to C\\-suite clients.
* You will attain
* 
* Expertise on several methodologies and industries
* 
* Development of both technical and business skills
* 
* Top\\-notch knowledge through our training program, coaching and mentoring from colleagues
* 
* High\\-exposure to each member of our close\\-knit team, including the Managing Partner in APAC, who is leading the growth of this entity.
* 
* An opportunity to experience working at a global leader in data science and AI solutions
* 
* Accelerated application for fulltime role after completion (depends on availability and organisation needs as well as your own performance)
* Profile
* We’re looking for a talented intern with the following:
* 
* Final year student preferred
* 
* Bachelor’s or Master’s degree (or equivalent) in Statistics, Economics, Engineering or a related analytical field. Outstanding record of academic achievement.
* 
* Passion for data, extensive knowledge in statistics or applied mathematics, familiarity with techniques such as modelling / optimization, and experience in using advanced analytical methodologies to answer business questions
* 
* Experience with statistical software such as R, Python, etc.
* 
* Consulting experience or interest in working as a consultant
* 
* Strong interest in marketing \\& business topics
* 
* Autonomy and dynamism in a fast\\-paced and challenging environment
* 
* Continuously striving for high performance
* 
* Excellent communication skills and proficiency in written and spoken English
* 
* Proficiency in MS Office and Excel
* 
* Ability to work collaboratively in a team environment
* What we offer
* 
* Attain experience in a global leader of Data Science \\& AI solutions
* 
* Young \\& dynamic environment with a strong culture
* 
* Close\\-knit team in Hong Kong with a friendly environment
* 
* Creative and entrepreneurial spirit
* 
* 1 day paid leave per month
* 
* Multiple monthly staff events and you will have fun among us
* 
* Prime location in Causeway Bay
* Ekimetrics is an equal opportunity employer committed to making all employment decisions without regard to race/ethnicity, gender, pregnancy, gender identity or expression, color, creed, religion, national origin, age, disability, marital status (including domestic partnerships and civil unions), sexual orientation, military veteran status, unemployment status, or other legally protected categories, subject to applicable law.


 We may use artificial intelligence (AI) tools to support parts of the hiring process, such as reviewing applications, analyzing resumes, or assessing responses. These tools assist our recruitment team but do not replace human judgment. Final hiring decisions are ultimately made by humans. If you would like more information about how your data is processed, please contact us.","Technology, Information and Media","https://fr.linkedin.com/company/ekimetrics","https://media.licdn.com/dms/image/v2/C510BAQEDpPIpq2Q7Jg/company-logo_100_100/company-logo_100_100/0/1631384979322?e=2147483647&v=beta&t=4tOdX41MpSGNxj5jS8F4wMtjgNQRgHYQ3OQCMFXpfwQ","","","","","","","","","","",""
"li-4312980899","linkedin","https://www.linkedin.com/jobs/view/4312980899","https://careers.reap.co/jobs/6590674-new-business-partnerships-intern-part-time-associate?utm_source=LinkedIn&urlHash=xbje","New Business & Partnerships Intern/ Part-Time Associate","Reap","Hong Kong, Hong Kong SAR","2025-10-10","parttime","","","","","",True,"internship","Education and Training","","","**About Reap**
 Reap is a global financial technology company headquartered in Hong Kong with employees across multiple countries. We enable financial connectivity and access for businesses worldwide by combining traditional finance with stablecoins for efficient money movement.
   

  

 Through our stablecoin\\-powered corporate cards, payments, and expense management tools, we streamline financial operations and help businesses scale. Our APIs enable businesses to integrate stablecoin\\-enabled finance into their own products and services—from issuing Visa cards to facilitating cross\\-border payments.
   

  

 Backed by leading investors including Index Ventures and HashKey Capital, Reap is building the future of borderless, stablecoin\\-enabled finance.
   

  

**The Role**
 As part of a rapidly growing Growth team, we at Reap are looking for a driven, resourceful, and curious
 **New Business \\& Partnerships Intern/ Part\\-Time Associate** 
 to support our global sales and partnership efforts.
   

  

 This role is ideal for university or postgraduate students (Bachelor’s, Master’s, or MBA) looking to gain hands\\-on experience in fintech sales, partnerships, and go\\-to\\-market operations. You’ll work closely with our New Business \\& Partnerships Managers and Sales Operations team to help identify new leads, qualify opportunities, conduct market and competitor research, and assist in day\\-to\\-day sales administration.
   

  

 You will have exposure to global markets (APAC, LATAM, EMEA) and to Reap’s core product lines (Cards\\-as\\-a\\-Service, Payments, Connect). This is an opportunity to learn how modern fintech sales functions operate — from data\\-driven prospecting to enterprise outreach and market intelligence.
   

  

**You Will**
* Support lead generation efforts by researching and identifying potential clients, mapping decision\\-makers, and building prospect lists.
* Assist in outbound campaigns via LinkedIn, HubSpot, and email — drafting outreach copy, personalizing messaging, and tracking engagement metrics.
* Conduct market and competitor analysis to surface insights on fintech trends, pricing, product positioning, and regional expansion opportunities.
* Maintain CRM hygiene by updating records, logging interactions, and ensuring data consistency across HubSpot and internal dashboards.
* Assist in pipeline reporting and analytics, working closely with the Sales Ops team to track outreach activity and conversion metrics.
* Support day\\-to\\-day operations such as scheduling client calls, preparing briefing materials, and compiling meeting notes.
* Collaborate cross\\-functionally with Marketing and Customer Experience to help improve prospect engagement and campaign targeting.
* Contribute to special projects (e.g. research for new market entry, competitor benchmarking, or AI\\-assisted sales tooling).


**We Are Looking For Someone With**
* Current enrollment in a Bachelor’s or Master’s program (Business, Economics, Finance, Marketing, or related fields).
* Strong interest in fintech, startups, or financial technology innovation.
* Excellent research, analytical, and written communication skills.
* Organized and detail\\-oriented; able to manage multiple tasks and priorities.
* Comfortable working independently and proactively in a fast\\-paced, remote\\-friendly environment.
* Proficiency in English (Mandarin or another Asian language is a plus).
* Familiarity with tools such as LinkedIn, Google Sheets, or HubSpot is an advantage.


**Nice To Have**
* Experience with lead generation, sales operations, or startup internships.
* Knowledge of crypto, digital assets, or blockchain\\-based financial products.
* Passion for technology and a strong learning mindset.
* A sense of curiosity and initiative — you’re not afraid to figure things out from first principles.


**What You’ll Gain**
* Exposure to a high\\-growth fintech scale\\-up environment.
* Mentorship from experienced Sales, BizOps, and Product leaders.
* Hands\\-on experience in B2B lead generation, CRM operations, and go\\-to\\-market strategy.
* Opportunity to work on real global projects impacting Reap’s growth trajectory.
* Potential for full\\-time conversion upon graduation based on performance.


**Commitment**
* Part\\-time, approximately 15–20 hours per week (flexible schedule).
* 3–6 month internship/ part\\-time engagement, extendable based on mutual agreement and performance.


**How To Apply**
 Submit your resume and a short note on
 *why you want to work in fintech and what you hope to learn at Reap.*
 If shortlisted, we’ll reach out to schedule a brief interview with the Growth team.","Information Technology & Services","https://hk.linkedin.com/company/reapglobal","https://media.licdn.com/dms/image/v2/D560BAQGegbSbO5uGIg/company-logo_100_100/B56ZVBKgUOHoAY-/0/1740555037416/reapglobal_logo?e=2147483647&v=beta&t=wdqTimSm0pdwwNT1yMlfjpmffyCHjZGzGqAmOpgc5pg","","","","","","","","","","",""
"li-4312680052","linkedin","https://www.linkedin.com/jobs/view/4312680052","","Equity Research Intern 股票研究实习生","Grand Alliance Asset Management Limited","Central & Western District, Hong Kong SAR","2025-10-10","internship","","","","","",False,"internship","Research and Analyst","","cfcheng@gaamhk.com, cfcheng@gaamhk.com","We aim to nurture bright, young finance talents by helping them to lay the foundation for a rewarding and challenging career in the
 **investment management industry.** 




 我们致力于培养优秀的年轻金融人才，为其投身
 **投资管理行业** 
 、开启富有意义且具挑战性的职业生涯奠定基础。
 



  





**Responsibilities 工作职责** 



* Conduct fundamental research primarily on companies listed in China and Hong Kong
* 主要针对中国内地及香港地区的上市公司作基本面研究
* Assist in research database maintenance and financial modeling
* 协助进行研究数据库维护及财务建模工作
* Assist in identifying investment ideas based on fundamental, bottom\\-up research
* 基于基本面自下而上的研究，协助发掘并梳理投资建议



  





**Requirements 任职要求** 



* Undergraduate or Post\\-Graduate (Master’s) student in Computer Science, Engineering, Information System, Economics, Finance, Business Administration, Data Analytics, Statistics
 
 or related disciplines
* 本科或硕士研究生在读，专业为计算机科学、工程学、信息系统、经济学、金融学、工商管理、数据分析、统计学或相关领域
* Relevant prior work / internship experience in industry research, equity research, macroeconomic research preferred
* 优先考虑有行业研究、股票研究、宏观经济研究相关工作或实习经验者
* Strong research, analytical and financial modeling skills
* 具备扎实的研究、分析及财务建模能力
* CFA, CPA and/or other relevant qualifications is a plus
* 持有特许金融分析师（CFA）、注册会计师（CPA）及其他相关资质证书者具优势
* Strong written and verbal communication skills with an excellent command of Mandarin Chinese
* 具备出色的书面及口头沟通能力，且普通话流利
* A team player and a self\\-starter, with a strong sense of responsibility and the ability to work well under pressure
* 具备团队合作精神与主动工作意识，责任心强，能在压力环境下高效完成工作



  





 Located in Central (Hong Kong), culture of growth and collaboration.
 



 总公司位于中国香港中环，企业文化注重成长与团队协作。
 



  





 Please e\\-mail cover letter \\& CV
 
 with expected salary
 
 to
 
 cfcheng@gaamhk.com
 




***请将求职信及个人简历（附期望薪资）发送至邮箱：***
*cfcheng@gaamhk.com*","Funds and Trusts, Financial Services, and Investment Management","https://hk.linkedin.com/company/gaamhk","https://media.licdn.com/dms/image/v2/C560BAQFF7PopmRCQpQ/company-logo_100_100/company-logo_100_100/0/1630669527542?e=2147483647&v=beta&t=OCS8dZgvJDiwLCfyLDUoR0qzd4qTH7a9EypWbkZetxA","","","","","","","","","","",""
"li-4317759537","linkedin","https://www.linkedin.com/jobs/view/4317759537","","Intern, Finance (6 months)","Natixis Corporate & Investment Banking","Hong Kong, Hong Kong SAR","","fulltime","","","","","",False,"internship","Other","","","Natixis Corporate \\& Investment Banking is a leading global financial institution that provides advisory, investment banking, financing, corporate banking and capital markets services to corporations, financial institutions, financial sponsors and sovereign and supranational organizations worldwide.
 



  





 Our teams of experts in close to 30 countries advise clients on their strategic development, helping them to grow and transform their businesses, and maximize their positive impact. Natixis CIB is committed to aligning its financing portfolio with a carbon neutrality path by 2050 while helping its clients reduce the environmental impact of their business.
 



  





 As part of Groupe BPCE, the second largest banking group in France through the Banque Populaire and Caisse d’Epargne retail networks, Natixis CIB benefits from the Group’s financial strength and solid financial ratings (Standard \\& Poor's: A\\+, Moody's: A1, Fitch Ratings: A\\+, R\\&I: A\\+).
 



  





**Main Responsibilities:** 




  




* Assist in regulatory reporting
* Automation of Accounting, reporting and controls



  





**Required skills:** 




  




* IT, AI and Computer related degree program
* Exposure to a programing language is essential
* Analytical and problem solving skills","Financial Services","https://fr.linkedin.com/company/natixis-corporate-investment-banking","https://media.licdn.com/dms/image/v2/D4E0BAQFvx8hb-b5nXA/company-logo_100_100/B4EZd5tA8VH0AQ-/0/1750093537266/natixis_corporate_investment_banking_logo?e=2147483647&v=beta&t=UAA8BzDgKFaKzUrGrK_BoKE82Ei8KicfC7ueHYKVhAg","","","","","","","","","","",""
"li-4317770762","linkedin","https://www.linkedin.com/jobs/view/4317770762","","UI/UX Intern Designer","On-us","Hong Kong, Hong Kong SAR","","parttime","","","","","",False,"internship","Marketing, Design, and Information Technology","","","On\\-us is a leading global B2B2C incentive solution platform that leverages FinTech and AI to revolutionize business customer loyalty engagement. We offer dynamic, multi\\-merchants e\\-voucher solutions that integrate data and payments, delivering personalized and streamlined rewards, helping businesses strengthen CRM and further boosting sales success. On\\-us clients include global financial institutions, MNCs and industry leaders across BSFI, retails, education, NGOs and more. With a presence in Hong Kong, Taiwan, Singapore, Malaysia, and Thailand, we are expanding rapidly and looking for passionate talents to join our journey.
 



  





 We are looking for talented candidates with strong passion in FinTech and MarTech to be our UI/UX Intern Designer. This unique job opportunity allows you to support the business \\& marketing team by providing specialized UX/UI expertise throughout the product lifecycle. This includes creating mock\\-ups, presenting concepts, collaborating with development and tech teams, and overseeing product versions and their evolutions. You will be creating user experiences that satisfy our users’ needs and drive the business forward, and you can gain invaluable knowledge and exposure across two of the most exciting industries today FinTech and advertising technology.
 



  





**On a typical day you will:** 



* Create mock\\-ups and interactive prototypes to illustrate design concepts
* Design digital products and user interfaces of web and mobile with high level of creativity and excellent craftsmanship
* Translate user stories/business requirements into user flows \\& wireframes
* Review product iterations and propose enhancements based on research findings, data and business insights
* Ensure designs align with brand identity and accessibility standards
* Work closely with developers, business analyst, website managers, designers, system development team etc., to align on goals and deliverables



  





**What we are looking from you:** 



* At least 1\\-2 years in website / mobile UI/UX design experience
* Good knowledge of the general principles of UX, usability and DESIGN thinking, with the understanding of empathy, persona, user journey, AB test, usability etc.
* Software proficiency of prototyping with Figma. Experience with Photoshop, Illustrator.
* Stay up\\-to\\-date with design trends, UI frameworks, and UX best practices
* Excellent communication and collaboration skills","Marketing Services, Financial Services, and IT Services and IT Consulting","https://hk.linkedin.com/company/on-us-group","https://media.licdn.com/dms/image/v2/D560BAQHP9wrv3wcOUw/company-logo_100_100/company-logo_100_100/0/1666694338723/on_us_mojodomo_logo?e=2147483647&v=beta&t=l97Vb5b3HSMvojy92aYcxQRsSNI-MPCn5E23nUVlElE","","","","","","","","","","",""
